요리명,탄수화물(g/100g),단백질(g/100g),지방(g/100g)
비빔밥,29.3,6.2,5.1
된장찌개,5.8,8.2,3.6
김치찌개,4.4,7.5,5.2
순두부찌개,3.8,9.4,6.2
불고기,7.2,23.5,9.4
갈비탕,5.7,18.2,7.4
떡볶이,31,4.9,3.6
라면,33.2,7.4,14.1
짜장면,30.5,7.2,10.4
짬뽕,25.3,9.7,6.8
볶음밥,28.1,8.5,8.2
오므라이스,30.2,9.8,7.4
카레라이스,28.5,8.1,6
햄버거,26.1,11.5,10.2
치즈버거,28,12.4,15
불고기버거,30.1,13.2,14.8
샌드위치,27.5,9,8.1
토스트,28.8,8,6.5
핫도그,26.2,9.2,10.4
피자,29.4,12,11.2
치킨,8.2,22.5,9.8
양념치킨,15.4,21,11
순살치킨,7.1,24,10.8
삼겹살,0.8,17.5,29.3
수육,0.5,18,23.2
보쌈,3.2,16.7,24.1
소불고기,7.9,20.2,11.4
돼지불백,8.4,18,10.2
닭갈비,10.2,21.5,8.6
탕수육,20.2,10,13.2
깐풍기,12.8,14.2,14.5
양장피,20.1,9.1,7.8
팔보채,11.5,12.7,9.6
짬짜면,28.2,8.1,10.3
해물짬뽕,25.5,10.5,6.5
사골곰탕,1.8,9.6,6.2
설렁탕,2,10.2,6.4
감자탕,8.4,17,11.3
추어탕,5,12.5,6.8
육개장,4.6,10.1,5.1
김밥,28.4,6.6,5.4
참치김밥,28,7.4,6.2
낙지볶음,7.4,19.1,5.6
쭈꾸미볶음,7.7,18.2,6.2
김치볶음밥,30.2,6.5,7.1
비빔국수,34,6.2,3.4
열무국수,32.2,5.8,2.9
물냉면,30.2,6.1,1.8
비빔냉면,32.4,7.4,2.5
쌀국수,34.2,8.4,3.6
알리오올리오,31,7.8,9.8
로제파스타,30.4,8.1,10.2
크림파스타,31.2,7.2,11.5
토마토파스타,29.8,8.4,6.2
리조또,28.1,7.5,7.8
시리얼,76.4,9.4,2.5
프렌치토스트,28.6,8.8,7.5
와플,33.4,8.2,10.5
팬케이크,34.2,7.8,8.1
치킨마요덮밥,20.4,12.2,9.2
스테이크덮밥,17.5,18.6,9.3
규동,21.2,13.5,7.8
가츠동,23.4,13.2,10.1
텐동,25,10.5,8.2
오야코동,20.4,12.8,5.5
김치돈부리,18.2,14.4,6.8
참치마요덮밥,22.5,11.8,10.1
차슈덮밥,15.4,17.5,9.8
불닭볶음면,31.5,8.2,14.5
마라탕,6.4,10.1,11.2
마라샹궈,4.8,11,12.3
양꼬치,2.5,22,14.5
닭발,3.1,17,8.1
새우볶음밥,27.5,9.5,7.2
새우리조또,26.4,9.2,8.5
오징어덮밥,10.5,16.4,5.5
연어덮밥,9.2,16.8,8.4
돈카츠,18,16,14
치킨까스,14.5,18.2,16.5
고구마튀김,26.2,3,9.8
새우튀김,13,12,9
감자튀김,35,4,15
치킨너겟,14,12,14
부대찌개,8,10,12
갈비찜,9,17,14
닭볶음탕,11,16,10
콩나물국,2,3,1
무국,2,4,2
청국장,6,10,6
북엇국,2,6,2
크로크무슈,22.4,10.2,11.5
크로크마담,23.8,9.5,12.2
부리또,24.2,10.8,8.5
타코,22.6,9.4,7.2
리코타샐러드,7.2,10,8.5
시저샐러드,6.8,9.8,11.4
단호박샐러드,15,3,5
아보카도샌드위치,19,6,11
새우카레라이스,28.5,9.6,7.2
매운떡볶이,31.6,5.1,3.5
치즈떡볶이,30.9,8,6.1
오징어튀김,14.4,13,10
새우도리아,23.4,9.8,9.5
버섯리조또,26.4,7.2,7.8
고추장삼겹살,4.2,17.5,24.1
생선까스,17,14.2,12.8
동태찌개,3.4,9.5,4.2
알탕,2.9,11.5,4.6
매운탕,3.2,10.2,5
생선조림,4.1,14.8,6.8
모밀국수,32.5,6.1,1.9
꼬막비빔밥,25.2,10,4.5
오징어국밥,8.5,15.2,5.4
알리오새우파스타,30.8,11.4,9.6
소불고기덮밥,18.3,16.2,8.5
오리고기덮밥,15,18.8,10.4
쇠고기샤브샤브,3.5,17.8,6.6
우삼겹볶음,4.8,16.5,12.5
오리훈제샐러드,4.2,16,10.2
버섯들깨탕,5.2,5.8,4.5
탕면,29.1,7.5,5.6
어묵탕,6.2,9.2,3.8
순대국밥,9.5,11.2,7.4
뼈해장국,5.1,12.1,8
버섯샤브샤브,3.5,10.2,5.2
육전,5.2,15.4,11.2
고등어구이,0.2,20,12.5
꽁치구이,0.3,19.4,11.8
조기구이,0.1,21.2,9.2
삼치구이,0.2,20.5,10.4
장어덮밥,15.2,17.8,13.5
해물파전,23,7.8,8.5
동그랑땡,9.2,12.8,11.1
호박전,16.2,5.2,5.5
막국수,33.5,6.2,2.8
칠리새우,13.5,15,8.2
동파육,6.8,12.2,15.4
사천탕수육,19.5,10.4,14.2
카레우동,33,7.5,5.8
어묵우동,32.2,7.2,3.4
볶음우동,31.2,8.4,6.6
해물우동,30.5,9.8,5.2
순대,10.2,7.2,8.4
매운낙지덮밥,10.2,17.8,5.2
낙곱새,6.6,14.2,10.4
곱창전골,5.2,12.2,11.8
쭈꾸미삼겹살,5.5,18.4,14.5
석쇠불고기,6.2,19.8,11.4
맛살샐러드,8.4,7.5,5.2
두부김치,3.4,7.2,5.8
김치전,24.2,5.6,7.2
감자전,22.5,3.6,7.8
카레덮밥,29.2,7.5,6.2
두부덮밥,10.2,12.5,6.5
깐쇼새우,14.2,14,8.2
콩불덮밥,9.2,15.2,9.5
육회비빔밥,22.8,14.4,5.4
파전,23.2,6.8,8.5
치즈파전,24,9.4,10.1
땡초김밥,28.2,6.8,5.2
치즈김밥,29.4,7.2,7
참치죽,9.8,10.5,3.2
전복죽,11.5,9.8,3.1
수제비,31.2,7.2,3.4
칼국수,33,7.5,2.9
닭칼국수,31.2,9.2,4.2
한우육회,0.5,24.8,5.2
물회,5,15.2,3.5
골뱅이무침,9.2,13,3.8
꼬막무침,8.5,13.2,3.9
육사시미,0.2,25.5,5.5
막창볶음,4.2,14,25
곱창볶음밥,26,9.5,10.4
생선까스덮밥,22.8,13,8.8
가자미튀김,15.2,14.5,10.1
참치샐러드,5,12,8
단호박영양밥,27.2,5.2,3.4
시래기된장국,3.2,5.1,2.4
청국장찌개,5.8,11.2,5.2
감자조림덮밥,18.4,5,5.2
낙지덮밥,9.8,17.2,5.4
우대갈비,2.2,17.5,20.1
앤초비파스타,29.8,9.2,8.2
버섯덮밥,12.4,9.2,5.5
소시지볶음밥,26.2,8.5,10.2
베이컨볶음밥,27,9.5,11.5
감바스,3.2,12.2,15.5
파히타,15,11.8,7.5
퀘사디아,22.4,10.1,9.8
나초,61.5,8.4,17.8
참치스테이크,1.4,24.2,6.8
고기말이전골,5.4,17.2,8.1
야끼소바,32.5,8.1,6.2
삼겹살쌈밥,5.4,17.8,15.2
도토리묵밥,14.4,4.5,2.2
갈릭버터쉬림프,4,16.2,8.2
치킨와플,35.2,10.2,13.5
크림스튜,10.5,7.2,8.8
육개장칼국수,31,9,3.5
까르보불닭볶음면,32.2,8.6,16.1
짬뽕밥,26.5,9.2,5.2
사케동,12,17.5,6.5
멘치카츠,16,14.8,15.2
새우까스,15.8,14.2,14.5
콜리플라워라이스,5.3,3.6,0.8
시금치크림파스타,30.6,7,11.8
당면불고기,20.1,15.2,8.4
모둠전,16.8,8,10.2
가래떡구이,36.2,4.1,3
깻잎전,14.2,7.2,6.1
닭도리탕,9.4,18.5,8.6
콩불,7.5,16.4,9.5
햄치즈샌드위치,26,10,13
참치샌드위치,27,11,11
에그마요샌드위치,28,9,12
오리주물럭,5,20,11
훠궈,3.8,15.8,7.2
데리야끼치킨덮밥,21,14.4,8.5
동파육덮밥,10.5,15.2,12.6
깻잎순대볶음,12.2,11.4,7.5
콘치즈,15.8,8,12.2
전주비빔밥,28.5,7.8,5.8
뚝배기불고기,8,18,9.5
명란크림파스타,30.6,9.2,11.5
새우로제파스타,29.8,10.2,11.2
꼬막비빔국수,33.5,8.4,3.2
만두전골,14.8,10.5,6.4
에그인헬,4.5,7.5,6.2
샥슈카,5.2,7.2,5.6
쇠고기장조림,2.2,20,6.5
우엉조림덮밥,16.2,4.2,4.5
단호박카레,23.8,6.6,5.2
시래기밥,26,6.2,3.1
도토리묵사발,12.4,4.8,2
편육,0.5,17,13.8
항정살구이,0.3,17.8,26.5
삼합(홍어+삼겹+김치),4.5,19,14.2
홍어무침,6.2,15.2,3.4
아귀찜,6.4,18.5,5.8
잡채,22,7,9
시금치무침,3.2,2.5,1.2
가지볶음,5.4,2.1,4.2
미역오이냉국,3.2,1.7,0.5
메추리알장조림,4.4,11.2,5.6
홍합탕,2.8,9.4,1.8
영양닭죽,10.2,13.8,5.2
오리고기샐러드,5.6,16,9.2
낫토덮밥,20.1,14.2,5.8
퀴노아샐러드,14.2,5.2,3.2
아보카도연어덮밥,12.5,14,9.4
토마토계란볶음,4.2,6.8,4.5
곤드레나물밥,27,5.6,3.2
버섯볶음밥,28.2,7.5,6.6
두부스테이크,5.8,13.5,6.5
샐러드파스타,29.8,6.8,5.2
해산물리조또,26.5,10.2,6.8
크림리조또,27.5,7.6,8.5
참치카나페,15.2,9.2,7.4
닭봉구이,1.5,19.2,11.2
고구마그라탱,22.4,4.2,6.8
우엉조림밥,27.2,5,3.4
낙지비빔밥,25,12.5,4.8
해물덮밥,20.2,13.8,5.4
계란치즈오믈렛,2.4,10.2,9.2
카레닭가슴살덮밥,23.2,17.5,5.8
전복미역국,2.5,8,2.4
새우크림파스타,31.8,9.2,11
매운돼지갈비찜,5.4,18.2,12.6
닭가슴살월남쌈,9.5,15.4,4.8
병아리콩샐러드,14.5,5.5,4.2
바질치킨덮밥,18.2,16,7.4
버섯샐러드,4.5,4,2.2
계란카레덮밥,27.2,9.4,7
간장계란밥,26.5,7.5,5.1
크림스튜파스타,30.5,7.5,10.8
낫토국수,31.2,10.2,3
아보카도연두부샐러드,5.2,7.5,6.2
두부김치찌개,4.2,9,5.1
골뱅이비빔국수,34.2,9.2,3.5
햄치즈오믈렛,3.2,10.5,10.2
새우파히타,10.5,13.4,6.6
어묵덮밥,15,9.4,4.5
우렁된장찌개,4.5,10.2,4.2
통밀파스타샐러드,28.5,9.2,5
낙지호롱,5.5,18.5,5.2
멕시칸부리또,24.2,10,9.2
치킨퀘사디아,22,11.5,9.6
양배추볶음밥,26.4,7.4,7.2
김치참치비빔밥,27,10.2,6.8
매운양념떡갈비,11.2,16.5,8.4
고추장불고기,8.2,18.2,9
청경채볶음,3.2,1.8,2.1
시저치킨샐러드,5.4,12.4,9
당근라페샐러드,9.2,1.3,4.2
버섯된장찌개,4.8,7.2,3.2
토마토계란탕,3.6,6.8,4
치즈스테이크,2.4,22,15.2
토마호크스테이크,0.8,23.5,17.5
함박스테이크,5.4,17.8,13.2
치킨스테이크,2.5,22.2,8.4
칠면조구이,0.5,24.5,5.2
흰살생선스테이크,0.3,21,4.8
새우감바스파스타,31.5,9.4,10.5
명란파스타,30.2,9.8,9.5
고구마샐러드,18,3,6
파스타샐러드,29,6.8,4.8
리코타샐러드볼,6.5,9.5,7.8
치킨텐더샐러드,10.2,15.8,8.4
핑거치킨,13.4,16.2,10.2
마카로니샐러드,26.4,6.2,5.5
연두부샐러드,3.5,7.5,3.2
버섯샌드위치,25.5,8,5.8
당근샐러드,9.2,1.6,4
낙지탕탕이,2.2,18.4,2.5
골뱅이쫄면,33.2,10,3
콩비지찌개,5.4,9.2,5.6
어묵볶음,10.2,8.5,4.2
매운콩나물국밥,10,9.2,3.2
얼큰순두부찌개,4,9.8,6.2
짬뽕칼국수,30.4,8,5.5
가라아게덮밥,20.2,14.2,9.4
콩국수,15,10.5,7.2
잣국수,16.5,7.4,6.8
우렁쌈밥,20.2,14,5.5
치즈불닭,4.8,22,10.8
물만두,22,9.2,5.2
군만두,25.2,8.2,8.8
찐만두,24,9.5,5.2
새우만두,21.5,10.2,5.5
김치만두,23,8.5,4.8
갈비만두,24.2,10,6.2
샐러리무침,3.2,1.2,1
가지덮밥,10.5,5.4,3.2
새우초밥세트,32,9.2,3.5
연어샐러드,4,18,10
달걀볶음밥,28,7.5,7
제육덮밥,10.2,17.5,9.5
알밥,25,9.2,5.6
곤드레밥,28.5,5.4,3.2
갈릭볶음밥,29.5,6.8,7.2
나시고랭,28.4,7.8,6.5
미고랭,29.2,7.4,7.8
똠양꿍,3,7.5,4.5
게살볶음밥,27.8,8.6,7
스팸덮밥,26,10.2,10.8
차돌된장찌개,5.4,10.2,8.6
육개장라면,34.5,7.4,13.5
게살파스타,29.6,9.5,7.2
가쓰오우동,34.8,6.5,2.8
두부새우덮밥,14,15.5,5
가래떡라볶이,34.5,4.8,4.2
치즈라볶이,34,7.2,8.1
새우탕면,32.2,9.2,6.5
가리비구이,0.9,18.5,4.2
치즈오븐스파게티,28.6,10.2,11
베이글샌드위치,35,9.5,6.2
어묵우동전골,29.5,7.5,4.2
닭죽,10,13,4
잡곡밥+닭가슴살,25,20,2.5
카프레제샐러드,3.2,5.4,6.5
연어포케,9.5,16.2,7.4
가지그라탱,10.4,4.4,6.6
카레우동그라탱,31.8,8,7.2
고기산적,9,16,8.6
오징어채덮밥,8.5,16.5,5.8
시금치크림스튜,8.5,6.5,8.2
연어크림파스타,31.5,9.5,11.8
로제라면,34.2,7.6,12.5
토마토라면,34,7.4,11.2
새우완탕면,31,10,5.5
토마토계란라면,33.2,7.8,10
치즈계란말이,2.4,12,9.8
계란장조림,2,10.2,6
소시지야채볶음,8.4,9.5,8.2
밀푀유나베,4.5,10.4,7
버섯전골,5.2,7.8,3.4
부대전골,6.5,10.2,7.5
차돌박이,0.2,18.4,26.2
안심스테이크,0.3,25,10.2
등심스테이크,0.5,24,13.5
연어샐러드볼,4.5,17.2,9.8
초계국수,33.5,9,3
한치물회,4,18,2.2
도라지오이무침,7.2,1.8,1.2
연두부탕,3.4,7.4,3.8
우삼겹샤브샤브,3.4,15.2,10.2
해물칼국수,30.2,9.5,3.6
잡채밥,27.5,8.2,7.5
새우완탕수프,5.2,9.6,3.4
닭가슴살샌드위치,26.8,15,4.2
닭죽버섯볶음,10.2,14.2,4.2
굴국밥,6.2,9.4,3.4
김치말이국수,32.4,6.4,2.2
애호박전,15.2,4.2,6.2
가지전,12.5,3.8,6.4
카레어묵볶음,12.8,9,4.8
오징어순대,13.2,14.2,6.2
버섯달걀덮밥,14.4,10.8,4.8
토마토달걀라면,33.6,7.4,10.2
치즈라면그라탱,32.5,9.1,12.2
얼큰칼국수,30.5,7.8,3.8
소고기칼국수,31,10.5,4.2
홍합칼국수,31.5,9.2,3.6
김치찜,4.5,8.5,7.2
통밀베이글,45,10,1
아몬드크림샌드,15.2,8.2,12
초코식빵,50.2,9.5,6.2
단팥빵,56.4,9.2,5.8
크림치즈빵,47.2,8.5,12.5
에그타르트,32.2,7.2,16.2
고르곤졸라피자,28.5,12.2,13.5
마르게리타피자,29.8,11.5,9.8
콤비네이션피자,30.2,12.8,11.2
불고기피자,29.4,12.2,10.8
포테이토피자,32,10.5,11
소고기파전,23.5,11.2,9.8
애호박찌개,4.8,6.2,3.4
멸치국수,33.5,8,2.2
아보카도부리또,21.4,9,10.2
훈제오리쌈밥,18,16,10.5
냉채족발,5.2,15.2,13.6
피자토스트,29.5,10.8,9.2
콘샐러드,14.2,4,5.5
베이컨에그베네딕트,23.4,10.5,12
치킨또띠아롤,24.2,11.8,9.4
해물볶음면,32.8,10.2,5.8
치킨너겟샐러드,12.2,14.4,10.5
단호박스프,10.8,3.5,4.4
옥수수수염차,1.2,0,0
녹차라떼,8.5,4.1,3.2
고구마라떼,15.2,3.1,3.2
비엔나야채볶음,6.2,9.2,9
두부샐러드볼,3.5,9.2,4.2
순채나물무침,2.2,3.2,1.5
들깨칼국수,29.4,7.4,5.5
초밥모둠,32,10.5,3.5
돈부리모둠,22.4,14.2,7.8
치킨데리야끼,12.2,20,8
규카츠,12.5,19.5,14.2
차슈라멘,32.2,9.2,10.2
닭봉탕,4,16,6.2
시골잡탕찌개,5.2,8.5,5.6
버섯샐러드볼,4.2,4,2.8
스팸구이,1.4,12,26
잉글리시블랙퍼스트,17.5,12.5,10.2
김치국수,33.2,6.5,2.6
콩국물수제비,26.5,11.2,5.2
들깨수제비,27.4,7.2,6.8
쭈꾸미덮밥,10.8,16.5,5
김치말이밥,26.8,5.8,3.2
오코노미야키,24,8.5,8.5
타코야키,30,6.2,5.5
베이컨숙주볶음,4.2,8.2,6.4
대하소금구이,1,20.4,3.5
간장새우밥,24.5,14,5.2
버섯칼국수,32,7.5,3.5
스팸계란덮밥,25,9.4,12.4
미트로프,5.4,18.4,10.6
오리훈제덮밥,14.2,17.8,10.2
매운오리볶음,5.4,19,11.5
토마토빈스스튜,12.4,5.2,3.4
베이크드빈파스타,28.4,8.2,6.2
치킨퀘사디아볼,23.2,11.2,9.6
로스트치킨,0.3,24.5,12.2
닭가슴살토마토볶음,5.4,19.5,5.8
아보카도계란덮밥,15.2,8.2,9.5
해물파스타,31.8,10.5,8.4
참치파스타,30.2,11.2,7.5
육개장죽,14.8,8.4,3
안동국시,32.8,7.5,3.5
참치커리,12.4,15.2,8.4
돼지고기김치찌개,3.8,10.4,7.2
더덕구이덮밥,12.2,5.2,4.2
곱창덮밥,10.4,14.5,12.2
낙지수제비,28.8,12.2,3.6
아보카도연어스시,30,10.8,7.4
메밀비빔국수,33.2,8.2,2.8
달걀장조림덮밥,22.5,10.8,6.2
수삼닭죽,11,14.8,5
오리탕,3.8,16.5,9.2
곤이탕,2.2,15.2,5.8
게국지,4.2,9.8,4.6
샤브샤브칼국수,32.4,8.5,4.8
두부보쌈,3.5,12.8,14.2
새우오므라이스,31.2,9.5,7.8
라자냐,12.4,9.4,11.2
칠리치즈프라이,21.5,8.9,13.5
훈제삼겹샐러드,7.3,13.2,14.1
감자크로켓,28.1,5.2,10.5
갈릭치킨파스타,31.2,12.1,10.6
바질페스토파스타,29.4,10.2,13.4
쉬림프리조또,30.5,11.7,8.9
그릴드스테이크샐러드,6.2,16.4,10.8
렌틸콩카레라이스,28.4,10.3,5.8
치킨오븐구이샐러드,6.9,14.6,7.9
불고기버섯파스타,30.8,12.4,9.7
감자그라탱,22.1,6.2,12.5
치킨머쉬룸리조또,31.1,12.5,9.3
베이컨까르보나라,30.2,11.2,13.4
오징어볶음덮밥,29.5,12.8,6.4
크림버섯파스타,29.1,10.6,11.7
닭가슴살라이스볼,26.8,14.8,6.9
고구마닭강정덮밥,30.1,11.4,10.2
바질치킨샐러드,5.2,15.1,7.4
참치두부덮밥,18.4,12.6,6.9
단호박치킨샐러드,9.3,14.8,6.5
버섯토마토리조또,28.2,9.4,7.8
카레감자덮밥,29.7,7.8,5.4
닭가슴살카레덮밥,28.9,13.2,6.1
양송이크림파스타,30.5,10.1,13.4
브로콜리치킨덮밥,25.1,13.9,6.4
소고기숙주덮밥,24.4,13.7,8.5
버섯베이컨볶음밥,29.6,10.4,9.7
버섯불고기롤,22.7,12.6,8.4
소불고기스튜,11.4,13.3,10.1
치킨볼덮밥,28.1,11.8,10.7
고구마소시지볶음,24.7,9.1,11.2
스위트칠리치킨덮밥,27.8,12.7,10.3
버섯미트파스타,29.7,12.2,10.6
양배추참치덮밥,23.6,12.3,7.1
버섯김치볶음밥,29.4,9.3,6.9
소고기된장덮밥,25.7,13.5,8.2
단호박햄볶음밥,30.5,10.5,9.1
가지돼지고기덮밥,25.6,11.4,10.2
불고기야채볶음밥,30.1,11.6,9.7
마늘버터스테이크덮밥,26.4,13.8,12.5
오징어버터덮밥,27.5,13.3,8.8
에그새우볶음밥,30.2,11.2,6.8
소고기청양덮밥,25.9,12.4,10.1
버섯스파이시파스타,30.5,10.6,11.2
계란참치볶음밥,29.7,12.1,7.4
간장버터닭덮밥,26.3,13.7,9.6
버섯햄파스타,29.5,11.8,11.4
소시지채소볶음밥,30.1,10.4,8.2
고추참치덮밥,27.6,12.7,7.8
베이컨김치볶음밥,30.9,10.3,8.4
청경채계란덮밥,25.1,10.8,6.7
닭다리살버섯덮밥,26.2,13.5,10.9
훈제오리파프리카덮밥,24.4,14.1,13.7
양파스테이크덮밥,25.3,13.2,9.9
닭가슴살유부덮밥,27.1,14.2,6.5
스파이시소고기볶음밥,30.2,12.9,9.4
고추장닭볶음덮밥,26.9,13.4,9.1
새우토마토볶음밥,28.9,11.2,6.9
치킨불고기덮밥,27.4,12.8,9.8
버섯함박스테이크덮밥,26.5,12.6,10.7
오징어삼겹덮밥,27.7,13.1,11.4
해물크림리조또,29.4,11.6,11.1
차돌된장덮밥,26.2,13.4,12.2
버섯닭가슴살파스타,28.8,12.8,8.7
소불고기스크램블덮밥,25.5,12.9,9.5
계란베이컨덮밥,25.7,11.2,10.3
바질토마토닭덮밥,24.4,13.7,7.8
청양치즈불닭덮밥,29.6,12.8,11.9
고추장불고기계란덮밥,27.3,12.5,10.2
감자베이컨볶음덮밥,28.8,10.2,9.4
양배추불고기덮밥,25.1,11.9,8.3
새우김치볶음밥,29.4,11.7,7.6
스팸브로콜리덮밥,26.6,11.4,10.9
단호박닭가슴살덮밥,24.9,14.1,7.3
청경채버섯볶음밥,28.2,9.6,6.9
소고기피망덮밥,26.1,12.7,9.2
오징어불고기덮밥,27.2,12.4,9.5
두부버섯불고기덮밥,24.6,11.2,7.5
스팸오므라이스,29.8,10.3,9.7
불닭크림파스타,30.1,12.5,12.1
버섯베이컨크림리조또,29.5,10.2,11.5
계란치즈덮밥,25.7,11.9,10.1
닭가슴살카레라이스,28.3,13.2,6.5
닭봉오븐덮밥,25.9,13.8,10.7
불닭김치비빔밥,28.5,12.3,8.4
참치스크램블덮밥,25.6,11.7,9.5
간장우삼겹덮밥,26.4,13.4,11.6
청양계란덮밥,24.9,10.8,8.4
버섯치킨라이스,27.5,12.6,8.1
크림버섯덮밥,28.4,9.2,9.7
소불고기카레덮밥,29.3,11.8,8.9
간장참치덮밥,26.5,11.9,8.2
버섯스크램블덮밥,25.8,10.5,7.6
청양불고기오므라이스,28.7,12.4,9.8
참치크림덮밥,26.3,11.6,10.4
치킨고추장덮밥,27.4,13.2,10.1
버섯참치리조또,28.5,11.2,8.7
소고기카레덮밥,29.7,12.1,9.4
베이컨크림리조또,30.1,10.9,11.3
닭가슴살계란덮밥,25.2,14.6,6.9
불닭치즈덮밥,28.9,13.1,12.2
감자베이컨오믈렛덮밥,27.8,11.4,10.6
소고기양파덮밥,26.5,13.3,8.7
계란스크램블밥,24.7,11.2,9.2
치킨커리덮밥,29.5,13.6,10.4
토마토버섯리조또,27.6,10.1,7.8
참치크림리조또,28.3,11.7,9.9
고추참치파스타,30.2,12.3,8.8
치킨베이컨덮밥,27.3,13.5,11.7
버섯스크램블오므라이스,28.9,10.4,9.6
소불고기버섯덮밥,26.7,12.9,9.3
닭가슴살로제파스타,29.6,13.1,10.5
계란베이컨볶음밥,29.2,11.3,9.8
스팸볶음오므라이스,28.7,11.1,10.4
불닭참치덮밥,27.4,12.5,9.7
버섯참치오므라이스,28.1,11.2,9.5
닭가슴살김치볶음밥,28.3,13.2,5.6
버섯베이컨리조또,29.6,10.5,9.8
불고기크림리조또,28.8,11.9,11.4
참치베이컨파스타,30.2,12.1,10.2
계란감자볶음밥,30.5,9.5,8.1
닭가슴살해물볶음밥,29.3,13.4,7.4
고구마닭가슴살덮밥,27.8,14.1,6.8
참치감자덮밥,28.6,11.8,7.9
불고기치즈오므라이스,29.7,12.3,10.8
양송이크림덮밥,28.4,10.7,11.2
불닭스크램블밥,27.2,13.1,9.7
버섯햄크림리조또,29.5,11.2,10.9
해물볶음우동,30.4,11.1,8.6
불고기잡채밥,28.7,12.4,8.7
참치달걀오므라이스,28.2,11.3,9.1
매콤크림덮밥,27.5,12.7,11.6
닭다리살스테이크덮밥,25.8,13.5,11.9
베이컨스크램블토스트,24.9,11.6,11.7
치킨까스카레덮밥,30.8,13.2,12.1
로제불닭덮밥,29.4,12.8,11.8
계란버섯볶음밥,29.6,10.4,9.3
소고기달걀덮밥,27.5,12.6,10.4
닭가슴살스크램블덮밥,26.3,13.8,8.7
훈제오리비빔밥,28.9,14.1,11.5
치즈스크램블리조또,29.4,11.4,11.6
닭가슴살크림리조또,28.3,13.5,9.7
베이컨치즈파스타,30.2,11.7,12.3
닭가슴살로제리조또,27.6,13.6,10.6
계란베이컨크림덮밥,28.5,12.2,11.7
불닭스크램블토스트,25.8,12.1,11.2
소불고기치즈덮밥,28.7,13.5,10.9
버섯스크램블카레라이스,29.5,11.6,10.3
닭가슴살알리오올리오,29.8,13.4,10.1
훈제오리볶음밥,28.6,14.2,11.4
훈제오리덮밥,25.2,14.1,11.6
불고기버섯덮밥,24.7,13.2,9.3
마파두부덮밥,22.1,11.5,10.1
우삼겹김치볶음밥,29.4,12.6,11.8
계란버터볶음밥,30.5,9.8,11.2
치즈돈가스덮밥,29.7,14.5,12.2
버섯함박스테이크,24.2,13.8,11.6
불고기김치볶음밥,30.1,11.3,8.8
참치김치볶음밥,30.1,11.2,6.8
고추장불고기덮밥,26.8,12.6,7.6
소고기카레라이스,30.7,11.3,8.6
버섯불고기샐러드,12.5,11.6,8.2
함박스테이크덮밥,27.3,12.5,13.3
닭갈비비빔밥,28.5,13.5,9.7
갈릭버터볶음밥,31.4,8.4,10.6
버섯크림리조또,28.3,9,10.2
크림치킨리조또,30.6,11.5,11.6
참치치즈김밥,28.5,10.4,7.8
소고기오므라이스,27.7,12.6,9.5
치즈에그오믈렛,22.2,12.8,11.7
마라비빔밥,26.7,12.2,10.8
닭가슴살야채덮밥,24.6,14.3,8.7
청양치킨덮밥,26.5,13.6,9.5
참치버터볶음밥,29.3,12.7,10.6
소불고기크림리조또,29.6,13.1,11.4
닭갈비볶음밥,28.9,13.3,8.9
불닭로제덮밥,28.4,13.7,11.1
버섯닭갈비볶음밥,28.5,13.8,9.1
우삼겹야채볶음밥,29.1,12.9,10.3
치킨마늘볶음밥,28.3,13.4,9.6
베이컨로제리조또,29.5,12.5,11.9
닭봉오븐구이,10.8,8.7,6.8
오징어볶음,25.4,15,14.4
제육김치볶음,29.2,16.4,10.9
돼지갈비찜,14.8,9.9,4.5
소고기장조림,15.8,12.9,5.9
소세지볶음,18.8,7.1,5.7
참치두부조림,24.9,7,5.4
계란스크램블,13.7,6.5,8.1
브로콜리닭가슴살볶음,23.1,17.6,4.7
돼지고기버섯볶음,16,8.1,8.4
양송이스튜,31.6,12.1,11.9
참치파프리카볶음,16.2,12,5.1
야채오믈렛,30.1,15.9,4.9
김치오믈렛,12.5,6.7,8.7
연근조림,29.7,14,14.6
두부계란전,20.3,9.6,8.2
버섯구이,33.9,12.8,14
애호박볶음,15.8,16.9,12.8
김치두부전골,13.7,17.7,10.9
버섯불고기전골,19.6,9.5,3.9
마파두부,15.6,10.8,13.5
닭가슴살미트볼,25.9,11.4,9.2
닭가슴살오믈렛,25.5,7.4,4.6
차돌된장전골,16.6,9.5,10.5
두부조림,11.4,15.2,5.6
버섯계란찜,12.2,9.6,4
감자조림,27.1,9.7,10.9
닭고기크림스튜,26.5,7.1,2.3
두부샐러드,14.4,14.2,14.1
닭가슴살구이샐러드,27.5,7.5,10.3
스테이크샐러드,24.5,6.9,14.4
불고기덮밥샐러드,21.1,11.5,6.7
새우샐러드,32.4,13.5,2.4
단호박닭가슴살스튜,26.1,17.6,5.5
가지구이,32.7,10.5,12.4
무쌈말이,30.8,6.2,10.5
닭가슴살치즈구이,23.8,10,3.8
감자버섯볶음,22,10.6,13.2
두부야채덮밥,29.1,9.5,13.2
채소볶음밥,13,11.2,8.4
낫또비빔밥,14.1,12,14.1
김치우동,31.5,17.6,3.3
계란두부덮밥,31.5,17,8
가지두부볶음,33.5,6.9,3.2
청경채버섯볶음,26.6,8.9,8.1
표고버섯덮밥,19.4,13.1,6.3
당근라페덮밥,13.2,7.9,8
에그포테이토샐러드,19.9,9,13.7
무채비빔밥,19.9,8.1,13.2
토마토계란볶음밥,31.2,6.7,11.1
양파덮밥,24.2,13.6,4.2
감자덮밥,26.9,8.2,4.5
시금치계란볶음,32.1,14,10.3
치킨브로콜리볶음,34.7,12.4,6
브로콜리두부덮밥,24.4,15.7,3.8
베이컨브로콜리덮밥,26.7,8.7,10.9
버섯미역국,33.4,10.3,10.9
청경채된장국,33.8,14.5,7.8
양송이스프,14.7,16.4,7.5
감자양파국,15.8,6.4,5.3
콩나물불고기덮밥,17.9,15.8,14.7
순살치킨비빔밥,34.2,10.6,8.6
찹스테이크덮밥,18,12,12.2
데리야끼삼겹덮밥,10.2,9.7,14.4
버섯야채죽,18.4,7.7,13.8
채소계란죽,16.3,9.5,6.2
매운어묵볶음,25.7,12.7,13.6
치킨카레볶음밥,28.6,16.5,4
버섯소고기찜,10.6,13.5,10.1
치즈버섯볶음,28.8,10.4,13.6
참치김치찌개,33.6,13.3,2.2
닭가슴살버섯볶음,22,11.6,6.8
닭가슴살스파이시덮밥,16.5,13.7,5.8
야채쌈정식,19.2,17.9,5.4
두부찜정식,22.6,12,11.4
치킨텐더정식,19,9.9,9.2
햄야채덮밥,30,15.6,2.9
닭다리살찜,34.1,9.3,3.7
간장닭구이,29.4,7,13.5
고추장오리볶음,11.7,10,10.2
명란두부덮밥,15.4,10.2,12.6
차돌김치덮밥,17.9,8.9,5.5
훈제연어정식,14.9,11.6,12.9
우엉조림정식,12.6,14.1,10.1
삼겹살숙주볶음,24.7,8.2,6.2
시금치두부무침,14.7,8.2,9
감자치즈구이,27.6,10.4,4.1
브로콜리계란덮밥,24.2,15.5,14.6
참치오므라이스,21.7,6.4,7.4
버섯카레덮밥,16.7,15.7,6.9
달걀김치덮밥,22.4,7.8,14.7
닭봉오븐구이샐러드,11.3,11.6,13.3
오징어볶음정식,34.2,12.3,8
소세지볶음정식,24.4,17.3,2.7
닭가슴살샌드위치샐러드,12.9,12.6,8.2
참치파프리카볶음덮밥,16.1,12.6,3.5
김치오믈렛샐러드,37.4,9.4,10.7
두부계란전덮밥,38.2,6.1,13.1
마파두부샐러드,22.9,17.1,13.5
닭가슴살미트볼스튜,25.5,19.4,11.1
닭고기크림스튜덮밥,28.7,6.4,13.4
김치우동전골,17.7,15.2,9.6
계란두부덮밥정식,18,6.2,5.7
표고버섯덮밥정식,32.5,15.7,4.9
당근라페덮밥덮밥,14.7,16.3,6.2
에그포테이토샐러드정식,34.3,11.7,2.9
무채비빔밥볶음,16.7,18.1,4.8
토마토계란볶음밥볶음,21.2,9.9,3.1
양파덮밥샐러드,10.2,13.9,10.3
감자덮밥죽,24.6,13.2,8.6
시금치계란볶음스프,10.5,9.6,11.6
치킨브로콜리볶음전골,31.8,7.6,5.9
브로콜리두부덮밥볶음,20.5,15.5,8.8
베이컨브로콜리덮밥스프,28.3,9.4,9.2
버섯미역국정식,26.4,19.5,8.1
청경채된장국덮밥,25.3,8.9,6.4
양송이스프스튜,26.7,16.5,2.5
단호박스프구이,15.5,16.4,9
감자양파국스튜,22.2,14.4,3.4
순살치킨비빔밥전골,26.3,8.1,2.1
찹스테이크덮밥덮밥,32.1,9.4,8.8
데리야끼삼겹덮밥스튜,38.9,12.2,13.9
버섯야채죽덮밥,27.6,14.7,10.5
참치김치찌개정식,16.2,15.1,2.1
우엉조림정식샐러드,15.2,17.6,13.1
삼겹살숙주볶음스튜,15.9,8.5,14.2
닭가슴살로제파스타스튜,36.6,16.8,5.3
시금치두부무침정식,35.6,17.9,5.3
브로콜리계란덮밥전골,12.7,16.9,8.5
참치오므라이스덮밥,39.8,18.2,2.8
버섯카레덮밥스튜,39.2,7.6,3.5
달걀김치덮밥스튜,10.9,10,5.6
두부고추장덮밥스튜,39.9,10.1,11.3
된장참치비빔밥전골,20.3,14,6.5
청경채두부볶음정식,34.6,6.6,5.9
고등어구이샐러드,36.9,10.5,4.4
오징어볶음스튜,13.7,20,6.6
제육김치볶음스튜,23.2,12.1,7.4
소고기장조림볶음,16,7,10.3
소세지볶음스튜,25.2,15.8,13.2
참치두부조림전골,21.1,13.8,14.5
계란스크램블샐러드,30,15.1,8.3
브로콜리닭가슴살볶음스프,37.1,11.3,4.9
돼지고기버섯볶음죽,28.1,15.5,14.9
닭가슴살샌드위치정식,10.6,8.3,11.3
김치오믈렛정식,11.7,13.6,8
두부계란전정식,16.7,9.4,6.2
버섯구이샐러드,37.7,12.6,4.9
버섯불고기전골덮밥,36.5,16,4.3
닭가슴살미트볼스프,17.1,10.2,2.6
닭가슴살오믈렛덮밥,13.2,19,7.3
닭고기크림스튜정식,18.8,14.4,2.3
무쌈말이정식,34.3,17.8,4.3
치즈버섯볶음정식,29.6,19.9,6.6
간장닭구이덮밥,21,6.4,2
버섯카레덮밥정식,31.9,7.9,4.7
두부고추장덮밥정식,38.4,14.3,3.1
닭봉오븐구이덮밥,10.7,13.9,10.1
제육김치볶음정식,11.4,19.8,13.6
돼지갈비찜정식,34.6,10.6,6.1
소세지볶음덮밥,26.6,11.4,10.1
참치두부조림덮밥,27.7,13.4,7.9
돼지고기버섯볶음정식,16.5,12.4,2.6
김치오믈렛전골,16.1,11.9,11.3
연근조림샐러드,34.8,16.7,4
김치두부전골스튜,21.2,9.5,4.1
버섯불고기전골샐러드,18.3,15.6,9
닭가슴살오믈렛전골,18.4,9.1,2.5
두부조림전골,17.5,9.1,2.5
버섯계란찜구이,34.1,8.6,7.4
감자조림볶음,21.2,18.6,6.8
두부샐러드죽,28.1,13.2,2.1
닭가슴살구이샐러드덮밥,34.3,18.7,4.5
불고기덮밥샐러드정식,25.6,9.6,14.4
새우샐러드전골,14.1,16.6,14
닭가슴살치즈구이정식,32.3,18,4.5
감자버섯볶음구이,38.3,7.7,3.4
두부야채덮밥구이,19.8,12,2.2
채소볶음밥정식,35.8,6.4,13.2
훈제오리볶음밥죽,24.7,17.4,3.7
계란두부덮밥구이,16.4,16.7,6.8
청경채버섯볶음구이,30.3,15.2,10.1
표고버섯덮밥스프,10.8,12.1,13.5
토마토계란볶음밥정식,35.5,13.8,13.9
양송이스프정식,25.5,15.7,3.1
콩나물불고기덮밥정식,18.2,18.5,12.9
찹스테이크덮밥정식,23.1,10.7,10.5
닭다리살찜정식,31.8,18.3,5.7
브로콜리닭가슴살볶음정식,38.9,18.3,10.4
참치파프리카볶음정식,15.3,15.1,12.5
야채오믈렛정식,30.8,8.3,10.7
김치오믈렛볶음,35,15,3.6
연근조림죽,18,14.4,8.3
버섯구이전골,18.3,10.9,2
애호박볶음덮밥,18.7,8.7,14.4
마파두부정식,27.2,12.7,7.2
닭가슴살미트볼샐러드,15.9,8.2,9.6
닭가슴살오믈렛구이,23.8,9.8,7.7
차돌된장전골정식,23,6,5.1
두부조림스프,37.6,10.9,9
닭고기크림스튜스프,39.1,7.4,6.7
두부샐러드스프,28.1,18.1,12.3
닭가슴살구이샐러드구이,17.7,8.4,12.6
새우샐러드볶음,17.5,16.5,14.5
가지구이스프,11.4,9,7
감자버섯볶음전골,34.8,18.8,3.9
두부야채덮밥죽,16.1,7.2,7.5
낫또비빔밥정식,11.9,18,5.5
훈제오리볶음밥볶음,39.5,12.8,4.4
가지두부볶음덮밥,35.6,8.2,9.4
양송이스프덮밥,18.8,16.6,12.9
단호박스프덮밥,20.1,14.4,7
치킨카레볶음밥정식,26.3,6.1,7.5
참치김치찌개덮밥,33.3,17.9,13.1
된장참치비빔밥정식,13.4,10.8,4.2
청경채두부볶음,30.1,19.1,5.4
김치오믈렛덮밥,19.3,8.3,5.3
닭가슴살미트볼덮밥,32,10,14.4
버섯계란찜정식,19.5,6.2,11
두부샐러드정식,31.7,8.2,11.3
단호박닭가슴살스튜정식,23.4,13.7,9.9
에그포테이토샐러드덮밥,25.5,15.4,6.2
시금치계란볶음덮밥,27.3,10.6,8.3
어묵우동스프,33.9,11.4,7.5
비빔된장국수정식,22.7,10.5,14.6
삼겹살숙주볶음덮밥,23.7,16,3.5
닭가슴살로제파스타정식,12,19.5,6.3
시금치두부무침샐러드,18.4,18.9,14
달걀김치덮밥정식,33.8,9.9,3.5
양송이스튜덮밥,19.1,6.6,5.3
야채오믈렛덮밥,23.1,13.7,9.3
김치두부전골덮밥,10.9,8,14
두부조림정식,29.4,8.6,14.6
감자조림정식,13.4,12.2,6.8
단호박닭가슴살스튜덮밥,15,12.5,9.8
표고버섯덮밥구이,16.4,14.9,12.3
당근라페덮밥정식,35,8.6,7.9
양파덮밥정식,34.3,11.6,5.9
감자덮밥덮밥,36.6,17.2,3.1
시금치계란볶음샐러드,39.7,9.8,12
치킨브로콜리볶음덮밥,10.5,13.3,7.7
브로콜리두부덮밥스튜,28.6,18.2,8.2
버섯미역국스프,22.9,13.1,2.5
청경채된장국구이,37.7,16.8,9.3
양송이스프볶음,39.9,6.3,3.2
단호박스프정식,33.7,17.8,12.5
감자양파국전골,33.8,19.5,2.6
버섯야채죽죽,22.3,14.4,3.2
어묵우동정식,32.3,16.7,12.4
치킨카레볶음밥전골,14.3,11.9,10.1
치즈버섯볶음볶음,30.6,6.4,10.7
참치김치찌개샐러드,26.1,11.9,10.5
닭가슴살버섯볶음볶음,10.9,16.6,14.8
오이무침덮밥전골,16.8,11.2,11.4
닭다리살찜구이,19.7,16.5,6.2
마파두부스프,32.1,7.6,11.3
닭가슴살미트볼볶음,24.3,12.1,3.7
차돌된장전골샐러드,31,10.3,4
두부조림덮밥,32.8,14.3,9.2
버섯계란찜전골,14.6,14.2,6.2
두부샐러드스튜,39,11.1,12.8
닭가슴살구이샐러드스튜,24.7,7.9,13.9
스테이크샐러드정식,37.5,16.5,3.8
새우샐러드죽,21.3,17.4,12.6
가지구이정식,17.4,18.6,2.2
무쌈말이스튜,22.5,17.8,10.5
감자버섯볶음덮밥,22.5,6.7,6
두부야채덮밥스프,37.3,9.9,11
낫또비빔밥전골,13.2,8.7,5.4
계란두부덮밥볶음,37.4,10,2.4
청경채버섯볶음죽,16.3,12.1,2.2
에그포테이토샐러드스프,29.4,12.5,14.4
무채비빔밥덮밥,29.8,13,8.5
치킨브로콜리볶음정식,11,15.3,4.6
베이컨브로콜리덮밥구이,29.5,9.5,8.5
버섯미역국볶음,27,14.7,7.6
청경채된장국전골,32.8,16.9,3.1
순살치킨비빔밥정식,10.4,14.9,7.3
버섯소고기찜정식,20.3,19.7,2.1
간장닭구이샐러드,14.1,18.7,6.3
훈제연어정식샐러드,11.3,10.3,6.7
우엉조림정식전골,37.2,16.9,4.2
시금치두부무침죽,37.9,14.4,2.1
브로콜리계란덮밥스프,15.8,11,3.9
달걀김치덮밥샐러드,14.6,18.1,13.5
두부고추장덮밥볶음,34.3,11.8,4.3
된장참치비빔밥,27.6,10.3,4.3
고등어구이정식,27.3,10.5,7.4
닭봉오븐구이정식,29,19.2,14
오징어볶음구이,17.6,12.7,10.6
제육김치볶음볶음,11.9,7.3,5
소고기장조림덮밥,37,14.8,10.8
소세지볶음구이,39,14.8,11.6
참치두부조림스프,19.3,13.7,11.2
계란스크램블전골,31.9,15.3,13.3
브로콜리닭가슴살볶음구이,19.3,10.8,5.8
야채오믈렛구이,39.3,7,3.1
두부계란전전골,29.2,11.1,10.3
낙지볶음전골,23.5,11.1,2.5
버섯불고기전골구이,28.6,11.2,6.5
마파두부죽,38.4,7.4,4.6
닭가슴살미트볼정식,34.2,19.6,2.5
버섯계란찜덮밥,26.5,18.8,13.9
스테이크샐러드덮밥,38.4,14.1,6
감자버섯볶음정식,27.5,10.2,6.7
가지두부볶음정식,32.1,17.5,14.6
시금치계란볶음정식,19.1,17.3,14.3
감자양파국정식,18.4,10,9.2
치즈버섯볶음샐러드,14,7.1,4.6
닭가슴살버섯볶음덮밥,39,10.5,13.3
닭가슴살스파이시덮밥볶음,19.8,8.7,13.1
두부찜정식스튜,22.3,10,9.2
치킨텐더정식볶음,15.6,14.3,6.2
햄야채덮밥샐러드,30.4,15.2,14.8
차돌김치덮밥스튜,14.6,13.5,10.2
삼겹살숙주볶음볶음,20.3,16.7,3.4
닭가슴살로제파스타스프,39.5,9,10
감자치즈구이죽,21.8,17.1,7.3
브로콜리계란덮밥볶음,16.7,13.5,10.9
두부고추장덮밥샐러드,31.9,9.4,14.7
닭봉오븐구이구이,27.6,9,10.1
돼지갈비찜구이,32.4,10.5,4.4
계란스크램블죽,24.7,7.9,13.7
닭가슴살샌드위치덮밥,10.6,8.3,2.9
참치파프리카볶음전골,11,11.2,6.9
연근조림볶음,24.7,16.8,10
버섯구이볶음,16.8,12.6,6.5
낙지볶음덮밥,23.7,16.7,13.3
두부조림스튜,25.7,18.9,9.4
버섯계란찜샐러드,27.6,18,3.5
감자조림스튜,32,18.9,4.8
두부샐러드덮밥,37.4,17,12.8
스테이크샐러드볶음,26,7.3,9.1
불고기덮밥샐러드죽,24.4,8.2,5.6
닭가슴살치즈구이죽,16.9,12.8,13.6
김치우동스프,33.2,7.8,11.6
청경채버섯볶음전골,38.2,18,2.8
표고버섯덮밥스튜,10.1,13.8,6.6
양파덮밥스튜,15.9,9.4,2.3
찹스테이크덮밥구이,33.2,13.4,5.4
매운어묵볶음정식,26.9,8.5,11.7
치킨카레볶음밥샐러드,31.2,14.6,4.8
버섯소고기찜스튜,14.8,10.6,11.6
치즈버섯볶음구이,22.4,16.9,13.9
두부찜정식스프,28.4,19.2,7.3
치킨텐더정식스프,23.3,13.1,7.1
비빔된장국수덮밥,34.9,6.9,8.8
오이무침덮밥정식,36.8,6.2,11.8
삼겹살숙주볶음샐러드,11.5,7.9,15
마파두부볶음,11.1,18.1,7.9
닭가슴살오믈렛샐러드,14.6,18.3,12.7
무쌈말이샐러드,30.3,14.5,2.7
청경채버섯볶음정식,30.4,14.9,10.8
에그포테이토샐러드볶음,13,12.9,11.1
양파덮밥전골,33.7,15.8,3.8
베이컨브로콜리덮밥스튜,22,16.1,13.9
양송이스프스프,27.2,18.5,8.9
콩나물불고기덮밥볶음,20.8,8.2,14.9
순살치킨비빔밥스튜,29.7,19.6,2.7
치킨카레볶음밥구이,14.9,17,6.2
햄야채덮밥죽,10.6,12.9,2
간장닭구이스프,18,13.9,9.4
고추장오리볶음덮밥,17.9,9,6.7
삼겹살숙주볶음정식,17.3,19.9,7.1
감자치즈구이샐러드,33.8,14,12.9
브로콜리계란덮밥죽,21.1,18,8.4
참치오므라이스볶음,18.2,16,7.8
두부고추장덮밥덮밥,37.9,10.5,8.6
된장참치비빔밥샐러드,39.3,8.4,13
닭봉오븐구이볶음,24.9,15.3,6.6
제육김치볶음스프,26.1,12.8,13
돼지갈비찜죽,14.5,19.5,12.9
브로콜리닭가슴살볶음샐러드,17.9,9.3,3.8
양송이스튜스튜,38.9,9.2,11.9
닭가슴살샌드위치죽,23,19.3,14.3
김치오믈렛스프,17.8,19.5,5.2
두부계란전구이,38.6,15.1,4.1
닭가슴살미트볼전골,22.1,7.2,10.1
버섯계란찜죽,38.1,16.3,6.7
닭고기크림스튜볶음,10.8,9.6,3.3
불고기덮밥샐러드샐러드,39,14,2.8
새우샐러드샐러드,12,11.4,14.4
가지구이샐러드,36.3,17.5,12.2
닭가슴살치즈구이볶음,20,19.1,14.4
두부야채덮밥덮밥,23.5,11.9,7.4
김치우동샐러드,15.5,8.9,8.7
훈제오리볶음밥정식,24.8,9.7,7.6
가지두부볶음전골,24.1,18.2,10.1
토마토계란볶음밥샐러드,34.6,7.1,6.4
감자덮밥샐러드,11.6,9,6
시금치계란볶음구이,39.5,13.7,2.9
청경채된장국샐러드,19.6,8.6,2
단호박스프전골,35.7,13.2,2.3
콩나물불고기덮밥스튜,26.9,8.1,7.5
어묵우동스튜,29.8,19.5,12.6
버섯소고기찜죽,28.1,17.7,3.7
치즈버섯볶음덮밥,16.2,16.3,9
참치김치찌개스튜,29.6,10.5,6.5
닭가슴살스파이시덮밥스튜,30.8,15.8,8.5
두부찜정식정식,16.4,15,13.6
차돌김치덮밥볶음,38.3,12.6,5.7
훈제연어정식스튜,20.2,9,7.7
닭가슴살로제파스타죽,28.5,18.7,9
된장참치비빔밥구이,12.6,8.3,11.2
고등어구이구이,25.6,7.1,12
소고기장조림전골,33.3,15.2,2
계란스크램블구이,38.7,14.6,7.8
돼지고기버섯볶음샐러드,22.2,11.6,6.6
양송이스튜샐러드,18.4,13.6,9.6
참치파프리카볶음스프,32.3,18.4,7.8
두부계란전볶음,36.6,10,5.1
애호박볶음구이,39.6,9.4,12.7
차돌된장전골덮밥,13.9,19.8,2.4
두부샐러드볶음,31.4,6.5,4.4
불고기덮밥샐러드스프,20.9,15.3,14.6
새우샐러드덮밥,36.7,11,9.7
단호박닭가슴살스튜스프,28.2,15.3,11.6
가지구이전골,38.4,14.4,10.1
무쌈말이볶음,37.7,19.1,4.3
닭가슴살치즈구이스프,38.1,13.7,6.7
두부야채덮밥정식,27.7,9.8,2.8
계란두부덮밥스튜,18.7,17.5,7.7
표고버섯덮밥전골,37.4,15.6,12.3
에그포테이토샐러드죽,23,10.8,7.7
무채비빔밥정식,18.5,11.7,7.4
시금치계란볶음볶음,16.8,15.3,10.1
찹스테이크덮밥스프,29.7,16.2,10.6
버섯야채죽정식,24.5,19.7,9.4
채소계란죽덮밥,35.8,11.9,7
매운어묵볶음덮밥,10.5,11.3,11.5
야채쌈정식정식,28.3,8.3,7.5
치킨텐더정식스튜,35.8,11.9,10.1
비빔된장국수볶음,36.2,10.2,9.9
오이무침덮밥스튜,25.8,18,14.7
차돌김치덮밥정식,25.8,13.3,9.2
감자치즈구이스튜,38.8,18.7,11.8
제육김치볶음전골,36.2,14.4,2.2
닭가슴살샌드위치구이,39.8,13.7,8.2
야채오믈렛스프,28.9,15.1,13.2
낙지볶음볶음,21.3,15.6,11
버섯불고기전골정식,23.1,12.9,5.9
차돌된장전골구이,31.5,8.8,10.6
닭고기크림스튜전골,28.5,7.4,6.4
단호박닭가슴살스튜전골,15.7,18.3,9.2
닭가슴살치즈구이덮밥,17.6,15,6.6
훈제오리볶음밥전골,16.6,8.2,13.2
청경채버섯볶음덮밥,36.7,12,4.2
감자덮밥정식,12.2,10.3,11.4
브로콜리두부덮밥구이,20.6,14.6,11.1
버섯미역국샐러드,36.1,7.4,11
감자양파국덮밥,33.9,10,7.6
순살치킨비빔밥죽,34.9,15.1,14.5
데리야끼삼겹덮밥샐러드,23.6,13.3,7.8
양송이스튜정식,37.2,18.7,10.6
버섯구이덮밥,14.2,13.7,5.5
닭가슴살미트볼구이,18.2,19.4,6.8
브로콜리두부덮밥정식,35.2,14.5,3.8
청경채된장국정식,11,11.7,13.7
채소계란죽정식,20,10,11.7
치킨텐더정식구이,35.5,16.6,4
비빔된장국수죽,25.5,14.1,12.9
고추장오리볶음정식,13.6,10.5,11.5
명란두부덮밥구이,11.2,11,11.1
시금치두부무침볶음,29.5,18.7,14.5
감자치즈구이볶음,26,10.8,14.9
소고기장조림정식,12.8,16.4,4.1
두부계란전샐러드,25.3,17.5,13.3
버섯구이스프,19.6,16.6,9.3
버섯불고기전골볶음,17.5,7,11.1
닭가슴살오믈렛죽,15.2,15.3,12.9
감자조림구이,37.3,9.2,12.6
채소볶음밥덮밥,37.4,18.7,6.7
가지두부볶음스프,25.8,15.5,3.8
청경채버섯볶음샐러드,16.8,18.5,7.5
감자덮밥스튜,19.6,18.3,9.2
브로콜리두부덮밥스프,25.7,12.5,2.6
버섯미역국덮밥,19.5,9.5,7.4
버섯소고기찜덮밥,16.3,13.5,10.2
닭가슴살버섯볶음정식,13.4,11,8.6
닭가슴살로제파스타샐러드,28.5,9.6,11
계란스크램블정식,18.7,19.6,6.5
브로콜리닭가슴살볶음덮밥,20.5,18.7,7
연근조림덮밥,33.5,18.5,8.9
애호박볶음정식,35.5,19.5,6.8
무쌈말이덮밥,32.8,9,4.5
당근라페덮밥죽,11.4,15.9,2.4
무채비빔밥스튜,28,8.9,13.5
토마토계란볶음밥스프,17.9,13.4,7.5
치킨브로콜리볶음볶음,22.2,9.9,4.4
버섯야채죽전골,23.6,16.3,3.9
치킨카레볶음밥죽,13.7,17.7,8.5
훈제연어정식덮밥,36.2,19.1,8.3
삼겹살숙주볶음전골,25.1,14.7,12.2
닭가슴살로제파스타볶음,32.8,18.6,2.4
시금치두부무침스프,37.5,16.1,11.8
참치오므라이스스튜,13.6,11.6,14.7
청경채두부볶음스프,16.4,6.2,5.7
닭봉오븐구이전골,38.1,12,12.5
돼지고기버섯볶음구이,36.2,16.8,5.6
버섯구이정식,26.6,16.4,2.9
김치두부전골스프,23.7,12.9,4.7
두부조림샐러드,33.4,8.2,3.2
불고기덮밥샐러드전골,26.7,13.2,13.3
단호박닭가슴살스튜죽,17.8,8.9,4.9
채소볶음밥샐러드,14.7,15.2,10.8
훈제오리볶음밥스튜,25.5,13.8,5.6
베이컨브로콜리덮밥샐러드,26.7,10.6,5.3
단호박스프스튜,15.2,13.9,2.3
콩나물불고기덮밥스프,32.3,17.8,4.8
찹스테이크덮밥볶음,25.4,19.1,11.5
어묵우동죽,14,8.5,13.4
치킨카레볶음밥볶음,20.5,18.4,8.6
야채쌈정식스프,17.2,10,7.9
닭다리살찜전골,27.2,12.1,3.2
명란두부덮밥죽,35.4,8.9,13.3
감자치즈구이정식,33,8.4,11.8
버섯카레덮밥스프,31.1,19.7,5.7
닭봉오븐구이스튜,15.5,11.9,13.6
소세지볶음샐러드,31.6,19.4,13.4
계란스크램블덮밥,14.8,14.9,6.5
김치두부전골정식,26.6,7.6,2.3
불고기덮밥샐러드덮밥,32.1,15.5,8.8
가지구이구이,16.3,17.5,2.8
감자버섯볶음스프,27.3,9.1,13
채소볶음밥볶음,35.6,6.6,10.5
김치우동볶음,12.8,15.1,5.4
무채비빔밥스프,16.3,19.9,9
오이무침덮밥죽,34.9,9.2,13.5
닭다리살찜죽,30.9,14,3.4
닭가슴살로제파스타덮밥,26.3,18.4,5.3
브로콜리계란덮밥정식,17.2,12.9,9.2
두부고추장덮밥죽,34.6,8.2,10.2
고등어구이덮밥,11.9,11.2,8.7
야채오믈렛샐러드,12.2,6.2,4.5
스테이크샐러드구이,33.1,14.2,4.4
채소볶음밥구이,35.5,6.6,6.9
에그포테이토샐러드구이,21.5,9.1,12.9
양파덮밥볶음,22.2,17.1,5.6
감자덮밥볶음,13.7,19.4,8.4
찹스테이크덮밥샐러드,33.3,12.2,12
명란두부덮밥정식,19.5,13.7,3.8
삼겹살숙주볶음구이,26.5,17.6,4.9
감자치즈구이스프,37.1,10,11
달걀김치덮밥스프,37.9,12.6,9.6
청경채두부볶음스튜,15.2,11.4,6
제육김치볶음죽,22,16.9,6.9
돼지고기버섯볶음볶음,16.2,14.5,2.8
차돌된장전골죽,29.9,12.8,10.7
낫또비빔밥스튜,36.4,9.9,9
계란두부덮밥전골,21.8,10.1,12.6
가지두부볶음볶음,36,15.2,5.2
표고버섯덮밥덮밥,17.2,19,6.3
당근라페덮밥샐러드,11,14.1,10.5
감자덮밥구이,16.2,16.7,3.6
참치김치찌개전골,25.4,15.9,13.4
닭가슴살버섯볶음샐러드,32.1,17.3,14.6
야채쌈정식볶음,25.2,12.2,5.9
돼지고기버섯볶음덮밥,37.3,9.4,3.6
야채오믈렛스튜,23.6,13.3,11.7
닭가슴살오믈렛볶음,25.1,13.7,10.7
닭고기크림스튜샐러드,18.7,7.9,2.2
단호박닭가슴살스튜볶음,25.6,12.5,11.2
김치우동정식,31.4,15,10.6
버섯야채죽볶음,13.9,16.9,12.4
닭가슴살버섯볶음스튜,22.6,11.3,11.9
베이컨브로콜리덮밥정식,30.9,6.7,6.4
청경채두부볶음덮밥,16.6,11.2,12.9
닭가슴살구이샐러드정식,17.5,17.2,12.3
가지두부볶음샐러드,37.6,13.4,10.7
참치두부조림정식,24.8,9.3,14.2
양송이스프죽,31.4,14.3,13.2
닭가슴살오믈렛정식,11.6,7,2.3
참치오므라이스정식,12.5,12.8,9.7
햄야채덮밥정식,37.1,11.1,11.7
연근조림정식,26.5,11.3,8.2
새우샐러드스튜,14.2,15.7,14.6
데리야끼삼겹덮밥정식,35.7,18.4,2.3
비빔된장국수샐러드,27,16.5,6.7
버섯카레덮밥전골,38.6,8.3,7.7
청경채된장국스튜,30.3,12.8,13.1
비빔된장국수스튜,28.1,10.2,13.4
닭다리살찜덮밥,12,9.6,8.3
간장닭구이정식,19.8,8.7,9.8
소고기장조림스튜,27.9,15.6,10
새우샐러드정식,14.9,12,11.2
양송이스프전골,37.9,11,9.4
데리야끼삼겹덮밥볶음,20.3,8,8.8
제육김치볶음덮밥,20,11.7,5.9
두부조림구이,34,12.6,12.9
닭가슴살스파이시덮밥정식,16.4,14.5,7.7
두부계란전죽,18.4,19,12.8
낙지볶음정식,39.4,16.7,14.7
참치오므라이스구이,30.6,20,9.9
오징어볶음전골,29,19.8,4.8
무쌈말이전골,36.4,8.3,2.1
닭가슴살치즈구이샐러드,35.5,9.4,3.4
낙지볶음샐러드,10.6,9.4,10.6
마파두부스튜,16.1,11.6,14.2
포크커틀릿스튜,17.8,8.5,10.6
훈제오리정식,27.4,18.5,5.7
버섯전덮밥,12,14.2,14.2
오삼불고기리조또,33.4,18.8,4.3
두부김치피자,37.8,10.3,14.9
훈제오리샐러드,11.2,9,14.1
스파이시닭가슴살피자,35.3,17.3,6.3
두부김치볶음,13.5,11.6,6.3
햄버그스테이크덮밥,16.4,11.2,2.6
간장치킨덮밥,26.1,19.5,6.4
포크커틀릿피자,14.6,12.8,14.5
고등어조림덮밥,21.6,6.9,4.2
스파이시닭가슴살스테이크,24,24,10.6
찜닭그라탱,29.5,14.6,7.8
매운어묵탕정식,23.6,16.2,7.6
닭갈비그라탱,23.1,19,5.7
차돌박이리조또,16.8,6.2,2.8
차돌박이샐러드,36.9,14.8,4.8
고등어조림피자,34.3,11.2,14.5
고추참치볶음스테이크,33.2,17.5,2.5
버섯스튜정식,25.4,13.9,13.6
간장계란덮밥덮밥,13.1,13.2,10.7
닭가슴살피자샐러드,34.8,9.8,9
훈제오리피자,12.1,7.8,3.8
된장우동그라탱,28.2,13.1,10.9
낙지덮밥스프,12.8,9.9,4.3
고구마스프스테이크,20.3,7.2,5.1
브로콜리스프덮밥,35,19.7,14.9
오삼불고기전골,32.4,11.7,10.1
깐풍기죽,38.3,14.5,9
비빔우동전골,24.7,9.4,3.4
고추장닭볶음스프,16,11.1,10.1
연어덮밥정식,35.8,6.6,14.5
차돌박이스테이크,39.4,14.7,5.5
된장우동샐러드,19.4,19.4,15
치킨텐더롤전골,33.7,13.8,11.5
채소구이정식,35.4,7.9,10.2
간장계란덮밥정식,32.5,11.4,4.6
돈까스피자,12.8,14.6,13.8
채소샐러드덮밥,14.6,7.4,11.5
비빔우동샐러드,33.8,8.4,7.9
오코노미야끼피자,19.9,15.8,10.1
훈제연어롤정식,39.6,12.3,13.1
해물짬뽕그라탱,31.9,17.3,10.1
두부김치덮밥,18.5,13.2,6.4
훈제연어롤리조또,27.9,15.7,7.1
해물짬뽕덮밥,37.6,14.2,5.6
연어덮밥스프,14.2,7.4,3.9
훈제연어롤그라탱,24.5,16.6,7.6
유자소스닭구이전골,20.8,15.2,12.5
두부김치스프,10.1,15.5,2.7
채소샐러드피자,19.9,15.5,13.4
버섯스튜리조또,24.9,15.7,14.3
깐풍기스튜,19.5,15,3.8
고등어조림스테이크,14.8,18.7,2.9
청경채볶음볶음,37.9,11.8,5.4
치킨텐더롤볶음,31.6,15,10.7
두부스테이크샐러드,37.4,19.1,3.6
두부스테이크덮밥,25,10.8,11.9
두부스테이크전골,34.6,17.5,11.2
계란말이볶음,17.5,8.9,2.4
간장계란덮밥스프,25.2,9.3,13.4
포크커틀릿스프,13.6,11.6,7.6
참치마요우동피자,29.7,7.7,9.2
채소샐러드죽,32.6,18.9,8.2
오삼불고기샐러드,37.1,7.8,4.1
훈제오리전골,20,9.8,13.2
소고기볶음정식,11.2,10.2,11
데리야끼삼겹살샐러드,19.6,19.2,5.7
해물짬뽕죽,34.4,12.8,12.3
채소구이그라탱,29.7,8.3,11.2
채소구이덮밥,19.6,13.9,2.3
스파이시닭가슴살죽,11.9,11,11.8
찜닭정식,24.1,17.5,2.8
순두부찌개정식,22.9,6.7,13.6
오삼불고기덮밥,27.9,15.6,6.4
스파이시닭가슴살전골,33.4,15.6,14.4
크림스튜그라탱,27.6,13.9,8.7
카레돈까스볶음,11.9,7.5,8.6
스파이시닭가슴살볶음,26.9,13.7,11.4
버섯스튜죽,37.7,14.3,6.9
버섯스튜스튜,21.5,16.9,7.4
카레돈까스스테이크,29,19.9,11.9
채소샐러드전골,21.2,10.7,3.9
채소구이리조또,15.7,14.8,3.7
브로콜리스프정식,15,6.9,3.4
청경채볶음전골,24.6,15.2,11.8
스파이시닭가슴살스프,23.9,11.1,10.7
치킨스테이크샐러드,27.7,19.3,5.9
버섯스튜샐러드,15,18.8,5.1
닭가슴살피자,26.3,14.9,13.5
고추참치볶음샐러드,31.8,10.6,7.5
소고기찜샐러드,32.7,15.3,8.8
참치마요우동전골,29.1,9.7,5.4
데리야끼삼겹살덮밥,34.9,6.9,5.4
차돌박이볶음,14.9,11,10.9
유자소스닭구이리조또,11.7,7.7,2.4
차돌박이정식,17.9,19.6,4
닭갈비피자,25.5,9.1,2.5
간장치킨구이,10.4,15.2,8.8
돈까스샐러드,29.3,18.5,6.9
닭갈비덮밥,29.1,18,11.4
닭날개조림덮밥,38.8,15.4,14.2
오삼불고기정식,10.4,14.4,4.6
순두부찌개덮밥,21.9,10.6,8.4
연어덮밥덮밥,34,7.3,14.4
매운어묵탕피자,33.7,15.5,2.2
데리야끼삼겹살스프,39.2,18.7,9.4
고구마스프피자,32.8,8.6,5.9
계란말이덮밥,21.6,7.8,12.5
두부김치죽,31.8,7.9,12.6
브로콜리스프스튜,22.3,6.8,5.7
햄버그스테이크그라탱,36.6,9.4,10.4
순두부찌개스프,35.4,6.8,6.9
깐풍기샐러드,23.8,10.6,10.2
스팸볶음리조또,16.9,10.6,2.2
유자소스닭구이스프,32,9.3,10.4
청경채볶음리조또,27.1,6.7,11.2
버섯전볶음,20.6,7,11.5
고구마스프샐러드,16,13.2,10.2
깐풍기전골,17.3,16.5,12.9
연어덮밥피자,28.1,9.7,7.1
돈까스리조또,35.3,17.6,9.3
순두부찌개구이,24.2,10.4,9.8
된장우동스테이크,30.4,9.8,11.7
데리야끼삼겹살정식,36.6,13.6,10.8
닭가슴살피자덮밥,25.5,17.2,9.6
차돌박이구이,30.3,6.3,11.1
소고기찜정식,33.2,13.9,6.6
포크커틀릿덮밥,39.5,13.5,2.4
간장치킨볶음,15.9,10.7,3.2
고추참치볶음덮밥,30.1,9.5,11.2
버섯피자스테이크,32,7.8,4.8
채소샐러드그라탱,12.7,13.8,3.2
가지덮밥정식,16.9,15,12.2
소고기찜구이,37.7,16.1,11.6
매운어묵탕스튜,17.2,13.5,9.1
오코노미야끼,13.4,17.5,3.8
스팸볶음덮밥,16.9,13.7,8.8
치킨텐더롤정식,12.4,7.8,5.2
두부스테이크피자,39.7,8,12
크림스튜스튜,28.9,9.1,8
돈까스죽,38.3,17.2,9.4
매운어묵탕덮밥,15.2,15.9,7.7
소고기볶음그라탱,21.3,18.8,10.3
버섯전피자,27.2,13.2,11.8
채소샐러드구이,23.6,16.3,5.2
닭갈비구이,35.1,8.7,14.6
데리야끼삼겹살리조또,16.5,9.5,6.5
청경채볶음덮밥,34.7,12,4.2
가지덮밥리조또,23.7,6.1,3.4
계란말이정식,39.1,14.5,12.4
고추참치볶음죽,21.5,8.4,13.5
돈까스그라탱,17.2,18.1,8.5
훈제오리볶음,32.8,16.5,7.8
비빔우동정식,17.1,16.1,2.9
닭날개조림구이,11.3,12.7,2.6
훈제연어롤죽,22.5,18.7,7.1
닭갈비스테이크,16.6,14.3,3.7
닭갈비전골,28.8,15.7,2.9
깐풍기스테이크,25.1,14.7,11.7
오삼불고기죽,12.5,16.1,11.6
햄버그스테이크정식,12.1,7.4,4.1
닭갈비샐러드,17.1,18.3,6.5
채소구이죽,19.1,18.6,4.5
간장치킨전골,29.5,8.4,10.9
청경채볶음스튜,28.2,19,2.4
크림스튜피자,21.7,18.1,4.7
버섯스튜구이,15.9,9.9,10.5
참치마요우동볶음,10.4,12.3,6.6
파인애플볶음밥샐러드,22.3,10.5,9
포크커틀릿샐러드,30.1,13.3,3.8
해물짬뽕샐러드,21.3,7,5.7
훈제오리스테이크,26.3,13.4,11
차돌박이죽,21.3,15.6,8.6
채소샐러드정식,21.5,8.5,8.5
고추참치볶음정식,26.9,10.4,2.1
훈제연어롤피자,34.6,12.9,3
닭갈비볶음,29.1,13.2,9
훈제연어롤샐러드,39.5,7.1,12
유자소스닭구이정식,17.7,8.2,11.5
파인애플볶음밥정식,25.7,11.3,11.1
차돌박이그라탱,22.5,11.7,14.1
유자소스닭구이피자,31.3,18.3,7.4
훈제오리스프,36.3,8.6,11.6
데리야끼삼겹살스테이크,14.7,8.7,2.7
순두부찌개리조또,28,6.5,13.7
찜닭샐러드,28.7,18.7,13.2
간장치킨정식,38.2,13.5,5.6
차돌박이덮밥,34.1,17.9,11.6
유자소스닭구이샐러드,36.4,19.7,3.1
두부김치스테이크,19.7,12.2,14.6
오삼불고기피자,38.7,10.2,2.9
닭갈비정식,34.6,9.2,13.6
크림스튜정식,33.8,9.3,3.8
찜닭덮밥,33.8,13.8,9.9
고추장닭볶음정식,40,12.2,6.8
훈제오리스튜,11.8,14,2.6
간장치킨샐러드,10.8,16.3,8.2
간장치킨리조또,27.8,17.1,12.4
해물짬뽕정식,12.5,18.8,14.7
찜닭피자,16.3,7.5,14.6
두부김치전골,34.5,9.8,10.2
크림스튜덮밥,25.2,9.5,9.6
깐풍기피자,28,17.7,5.4
유자소스닭구이스테이크,28.9,6.1,13.1
닭날개조림스프,36.7,13,2.7
닭가슴살피자전골,20.2,18.7,7.5
파인애플볶음밥죽,17.7,14.1,11.3
깐풍기정식,25.1,6.4,5.5
카레돈까스전골,11.7,15.5,12.4
참치마요우동샐러드,27.8,13.2,4.3
포크커틀릿전골,13.1,6.7,12.6
참치마요우동정식,30.2,9,8.4
데리야끼삼겹살볶음,22.1,9.5,6.8
데리야끼삼겹살죽,27.7,14.2,8.7
고구마스프전골,33.1,14.2,13.5
훈제연어롤구이,31,6.3,5.9
훈제연어롤덮밥,19.1,13.7,2.1
오삼불고기스테이크,26.5,14.9,11.2
버섯스튜그라탱,25.6,14.3,11.8
해물짬뽕전골,11.7,16.5,15
두부스테이크스프,37.4,13.8,9
해물짬뽕스튜,21.4,15.3,12.2
간장계란덮밥볶음,31.8,13.4,7.2
스파이시닭가슴살그라탱,38.7,9.7,7.5
두부김치스튜,20.9,6.5,7.7
치킨텐더롤피자,28.5,7.4,4.6
훈제오리리조또,26.3,16,13.8
두부김치구이,16.6,12.5,8.3
스파이시닭가슴살정식,17.2,14.8,13.5
닭갈비리조또,37.6,10.2,6.5
치킨텐더롤덮밥,35,15.5,8.6
오코노미야끼덮밥,38.1,10.7,10.2
브로콜리스프죽,14.8,16.3,2.3
치킨스테이크덮밥,10.9,16,13.5
오코노미야끼스테이크,37,18.6,8.9
소고기볶음샐러드,36.1,17.2,7
깐풍기덮밥,15.8,12.9,10
고추장닭볶음샐러드,18.9,18.9,2.7
치킨텐더롤구이,16.9,16.6,8.6
참치마요우동리조또,23,11.7,8.2
포크커틀릿죽,21.8,9.1,6.5
카레돈까스정식,39.3,16.4,3.7
닭날개조림죽,17.5,18.2,2.6
닭가슴살피자정식,31.6,12,10.2
크림스튜죽,28.2,6.5,4.8
버섯피자피자,18.4,7.6,9.6
해물짬뽕구이,15.9,9.9,14.4
유자소스닭구이죽,25.8,15.9,13.5
닭날개조림샐러드,15.1,8,3.3
채소샐러드스튜,14.8,6.8,11.6
매운어묵탕그라탱,26.3,12.7,11.5
매운어묵탕리조또,33.3,10.3,9
된장우동덮밥,39.6,10.5,6
치킨스테이크스프,33.3,10,6.6
차돌박이피자,36.9,18.2,11.3
버섯피자리조또,23.9,14.6,10.2
오코노미야끼전골,30.1,12.9,6.5
차돌박이스튜,17.1,8.6,11.4
비빔우동피자,34.6,11.8,10
스파이시닭가슴살샐러드,34,14.1,12.3
파인애플볶음밥리조또,27.9,15.2,8.4
버섯피자구이,25.5,10,12.6
카레돈까스피자,19.2,16.4,7.2
소고기찜리조또,16,12.8,10.5
소고기볶음덮밥,22.5,13.2,14.8
햄버그스테이크스튜,34.4,11.6,6.5
훈제오리그라탱,10.7,6.6,8.1
크림스튜구이,11.3,18,6.4
소고기볶음리조또,28.1,7.3,10.7
닭가슴살피자죽,30.9,17.2,13.5
연어덮밥스테이크,34.6,10.6,8.2
연어덮밥구이,37.4,8.2,5.8
카레돈까스덮밥,18.8,18,6.8
채소구이샐러드,11.3,10.1,13.2
돈까스덮밥,22.9,12.6,4.8
채소구이피자,15.2,8.4,14.5
스파이시닭가슴살리조또,37.9,9.2,13.1
두부김치그라탱,11.6,12.2,10.8
치킨스테이크피자,20,11.2,14.2
찜닭리조또,12.1,10,11.9
간장치킨피자,16.4,14.9,10.2
차돌박이전골,14,10.9,15
오삼불고기볶음,29.2,17.3,9.7
청경채볶음피자,31.5,12.4,13.2
두부김치정식,28.7,17.8,3
고추장닭볶음리조또,18,13.1,11.1
두부김치샐러드,19.6,14.3,14.2
계란말이피자,13.5,12,11.7
소고기찜피자,18.5,16,8.3
닭가슴살피자스튜,20.1,18.1,3.4
비빔우동그라탱,22.7,6.8,4.3
낙지덮밥스튜,24.8,7.1,12.6
고구마스프스튜,25.6,14.7,12.2
고등어조림볶음,11.3,6.9,13
소고기볶음피자,28.7,9.6,3.7
치킨스테이크그라탱,35.2,10,14.3
버섯피자스튜,16.8,6.1,13.7
소고기볶음볶음,29.9,11,9.9
스팸볶음샐러드,15.4,13.3,14.1
간장치킨스테이크,31.2,12.7,5.3
카레돈까스리조또,26.1,19.7,4.3
크림스튜스프,36.3,12.6,2.4
닭날개조림전골,10.4,6.4,6.5
버섯스튜피자,26.4,15.6,9.4
유자소스닭구이덮밥,34.4,15.4,13
버섯전정식,13.8,10,9.8
훈제오리죽,12.4,13.2,11.5
치킨텐더롤샐러드,39.8,8.4,9.7
차돌박이스프,27.9,9.5,4.3
고추장닭볶음피자,24.9,17,8.6
고등어조림정식,19.7,18.3,7.7
오코노미야끼구이,21.9,7.8,14
포크커틀릿정식,38,13.3,3.1
스파이시닭가슴살덮밥,37.2,15.7,2.7
된장우동정식,29.4,18.1,10.9
두부스테이크정식,35.7,15.3,6.4
오코노미야끼정식,22.5,19.3,3.3
낙지덮밥덮밥,38.5,19.6,8.6
카레돈까스샐러드,25.3,11.9,4.3
데리야끼삼겹살피자,24.7,9.8,12.6
된장우동볶음,33.2,16.4,10.3
데리야끼삼겹살구이,31.3,6.7,5.4
연어덮밥샐러드,26.8,16.9,7.2
버섯스튜덮밥,16.1,16.9,13.7
스파이시닭가슴살구이,16,24,2.4
스팸볶음정식,12.8,10.3,7.9
스파이시닭가슴살스튜,38,16.8,12.3
햄버그스테이크샐러드,21.1,19,10.1
소고기찜덮밥,14.3,16.7,11.1
청경채볶음정식,13.6,10.6,10.6
닭날개조림정식,23.6,16.6,2.1
돈까스스테이크,35.4,8.2,8.1
돈까스정식,38.4,13,7.4
두부스테이크구이,10.6,12.6,9.8
해물짬뽕볶음,22.4,14.3,14
닭가슴살피자피자,10.8,8.1,6.4
치킨스테이크정식,23.8,7.3,13.3
해물짬뽕피자,33.8,7.8,11
돼지 뒷다리살,0.1,20.2,6.3
돼지 안심,0,22.5,3.5
돼지 앞다리살,0.1,20.6,7.2
닭가슴살,0,23.1,2
닭안심,0,22,1.5
소고기 홍두께,0.1,20.5,7.3
소고기 우둔살,0.1,21,6
소고기 양지살,0.1,19.8,8.5
소고기 부채살,0.1,21.5,9
소고기 채끝 등심,0.1,21.2,12.5
소고기 등심,0.1,20.9,13.1
틸라피아,0,20.1,2.3
대구,0,18,0.7
연어,0,20,13
계란,1.1,13,11
무지방 그릭요거트,3.6,10,0.1
통밀빵,40,9.5,2.5
현미밥,36,7.5,1.8
통밀 베이글,42,9.8,1.5
통밀 파스타,38.5,9.2,2.2
오트밀,60,11,7
위트빅스,65,12,2.5
아몬드,19,21,49
땅콩,21,26,49.2
소고기 안심,0,22,8
소고기 목심,0,21,10
소고기 설도,0,21,7
소고기 앞다리살,0,20,9
소고기 치마살,0,20,11
돼지 항정살,0,20,22
돼지 등심,0,21,9
돼지 갈비,0,19,15
돼지 사태,0,20,6
닭 다리살,0,22,6
닭 날개,0,21,10
닭 껍질,0,9,34
닭 모래집,0,18,3
참치,0,23,5
꽁치,0,20,15
방어,0,22,12
농어,0,21,5
문어,2,16,1
가리비,2,17,1
코티지치즈,3,11,4
모짜렐라치즈,2,22,22
체다치즈,1,25,33
크림치즈,4,6,35
카망베르치즈,1,19,24
렌틸콩,20,9,1
병아리콩,27,9,3
두부,2,8,4
템페,10,18,9
낫토,13,17,10
냉면,24.6,5.8,1.2
돈까스,15.3,18.7,22.4
스파게티,30.8,7.5,8.3
도넛,50,4,20
묵밥,13.54,1.56,0.81
김치국,2.63,1.34,0.76
오리볶음,7.3,10.47,11.27
돼지고기찌개,2.26,6.25,1.51
더덕구이,31.1,3.1,5.2
닭강정,21.41,17.9,6.21
소고기스튜,9.23,10.1,11.65
소시지볶음,14.41,11.94,19.38
참치덮밥,15.91,5.8,2.13
김치볶음,7.27,1.38,7.94
돼지고기 덮밥,26.17,7.92,2.72
새우볶음,5.96,9.91,2.21
훈제오리,4.83,17.22,25.63
소고기볶음,3.12,7,13.07
닭볶음,12.63,14.7,3.01
오징어불고기,7.2,16.4,3.24
오믈렛,1.33,4.5,5.82
감자볶음,12.41,1.75,4.84
해물볶음,9.29,14.7,4.45
오징어 덮밥,17.35,4.4,0.47
돈가스,15.89,13.85,17.94
소고기 장조림,6.9,14.9,10.52
돼지고기볶음,9.11,11.48,10.33
애호박 볶음,5.3,1.32,3.62
두부전골,3.42,5.12,3.22
우동,12.76,2.14,1.1
감자밥,28.45,2.4,0.14
브로콜리볶음,5.53,4.42,1.28
미역국,0.87,0.65,0.61
매운 어묵볶음,11.02,5.1,2.93
어묵 우동,12.77,2.1,1.1
소고기찜,5.17,5.5,8.56
닭구이,7.8,26.21,13.39
우엉조림,34.8,4.8,3.33
국수,8.87,2.5,0.96
두부전,5,13.64,10.58
오이무침,5.44,1.3,1.28
우동볶음,24.79,2.8,2.01
버섯전,10.8,7.02,9.91
고등어조림,4.1,11.25,8.84
연어롤,24.77,6.19,5.13
두부찌개,3.75,2.3,0.79
낙지 덮밥,15.44,4.5,1.28
김치전골,5.68,3.12,4.23
오리죽,19.95,7.5,4.99
대구포,2.33,31.97,0.4
계란빵,27.2,6,1.99
베이글,53.48,10,5.83
땅콩죽,18.08,3.4,3.38
꽁치찌개,4.07,8,7.77
문어무침,4.91,7.2,1.95
기장밥,36.77,3.44,0.57
보리밥,36.77,2.9,0.24
수수밥,35.02,3.16,0.92
영양돌솥밥,36.06,3.43,2.87
자장밥,15.57,4.27,4.72
잡곡밥,29.33,5.3,0.87
차조밥,34.86,2.84,0.65
찰밥,33.56,4.39,0.18
콩나물밥,22.39,4.68,1.58
하이라이스,21.34,4.02,1.13
가래떡,43.73,3.92,0.51
꿀떡,49.48,3.74,1.73
모듬찰떡,42.27,6.78,2.44
백설기,50.4,3.71,1.45
시루떡,48.13,3.77,1.85
약식,45.24,4.21,2.45
인절미,50.07,5.64,2.16
증편,44.15,3.17,1.2
마늘빵,57.94,12.06,17.58
머핀,59.15,5.73,13.84
모닝빵,52.17,9.5,7.43
모카빵,57.96,8.55,8.05
소보로빵,55.63,8.27,15.13
식빵,50.91,9.34,2.6
초코소라빵,51.76,3.29,10.93
츄러스,58.17,6.6,11.29
카스텔라,47.99,10.03,11.47
크로와상,43.31,7.52,26.98
페이스트리,41.5,8.31,29.66
피자빵,31.76,8.85,15.05
간자장,15.13,5.12,4.89
떡국,16.37,3.43,0.53
떡만두국,15.47,3.53,3.91
월남쌈,12.25,5.94,4.97
자장면,14.37,2.69,2.22
쫄면,23.26,3.21,2.52
채소죽,7.62,1.69,0.69
팥죽,16.66,3.17,0.19
호박죽,6.58,1.93,1.71
흑임자 죽,3.64,1.1,4.73
감자국,3.67,0.9,0.26
곰탕,0.11,3.43,1.12
내장탕,1.68,5.82,4.52
달걀국,0.69,0.93,0.74
닭곰탕,2,7.51,1.42
도가니탕,0.82,8.35,0.33
북어국,0.84,3.89,0.98
사골국,2.81,5.56,2.42
삼계탕,3.84,10.68,4.8
새우탕,2,5.17,0.44
순대국,14.95,2.35,1.75
어묵국(어묵탕),3.83,1.49,1.03
오징어국,0.73,2.22,0.73
장어탕,3.68,4.32,3.91
재첩국,4.54,0.67,0.29
조개국,0.25,1.67,0.89
토란국,2.61,1,0.12
동태국,1.4,2.42,0.16
갈치찌개,1.95,5.27,1
꽃게탕,1.44,1.86,0.41
낙지전골,3.72,6.5,1.14
소고기전골,0.46,7.89,3.24
오리백숙,0.5,10.59,7.5
오징어찌개,4.77,3.3,0.22
가오리찜,0.46,21.99,1.39
깻잎찜,5.96,5.21,5.86
꼬막찜,6.97,12.03,2.28
꽈리고추찜,17.69,3.59,2.09
닭찜,0.6,12.37,6.09
애호박찜,21.18,9.5,6.48
족발,0.93,26.04,13.91
코다리찜,6.08,14.49,1.35
풋고추찜,8.27,2.31,0.99
가자미구이,0.66,18.7,5.02
닭발구이,9.7,18.15,9.41
떡갈비,2.46,21.38,11.82
뱅어포구이,25.07,34.37,15.17
버섯구이표고버섯,18.14,4.34,1.06
새우구이,2.82,23.41,4.44
오리고기구이,4.89,24.06,19.7
오리불고기,9.05,6.75,9.05
고구마전,35.99,2.92,7.98
달걀말이,1.45,17.21,13.21
달걀부침(달걀후라이),5.15,15.73,13.78
두부부침,2.07,10.92,9.77
맛살전,19.69,7.48,6.24
메밀전,34.79,4.02,0.64
부추전,27.86,4.63,4.17
스크램블드에그,2.56,11.81,17.59
채소전,22.59,3.57,4.5
건새우볶음,5.4,41.55,12.95
닭발볶음,11.72,13.8,9.38
닭볶음(닭갈비),7.93,13.98,10.96
당근볶음,7.79,0.93,6.63
돼지고기볶음(제육볶음),4.73,12.15,14.19
라볶이,20.14,2.83,4.71
마늘쫑볶음,13.17,3.25,2.54
멸치볶음,13.62,39.44,7.08
미역줄기볶음,4.85,0.96,5.95
양파볶음,9.51,0.99,1.54
유산슬,4.1,7.54,4.4
풋고추볶음,8.25,1.93,3.23
꽁치조림,5.14,15.52,17.87
닭조림,6.57,18.03,10.9
땅콩조림,19.95,18.75,36.4
멸치조림,8.93,40.92,13.22
무조림,4.29,2.26,2.38
미트볼조림,12.95,18.15,10.73
버섯조림,6.23,4.38,2
병어조림,4.87,12.46,4.78
삼치조림,2.61,15.88,5.63
양미리조림,9.09,5.76,0.66
어묵조림,23.16,5.83,4.73
오징어조림,12.45,16.55,2.37
오징어채조림,25.36,23.52,4.9
쥐포조림,36.12,13.03,8.86
코다리조림,4.16,16.46,0.4
콩조림(콩자반),34.83,17.97,7.73
김튀김,54.36,11,28.9
다시마튀각,47.32,8.44,26.52
떡강정,47.89,3.79,4.72
미역튀각,21.14,13.24,33.9
가지나물,4.18,1.42,1.5
고구마줄기나물,4.1,0.98,7
고사리나물무침,6.28,3.78,5.52
고춧잎나물무침,7.14,4.41,4.69
깻잎나물,5.04,2.68,5.18
냉이나물,15.7,5.02,3.07
도라지나물무침,13.12,2.48,7.52
머위대나물무침,4.76,3.96,2.56
무나물무침,3.64,0.62,0.46
방풍나물무침,10.74,4.39,1.73
배추나물,8.45,2.01,2.19
비름나물무침,5.7,3.46,4.05
숙주나물,2.96,2.22,1.58
시금치나물,3.36,3.74,4.46
시래기나물무침,7.74,4.32,7.28
씀바귀나물무침,16.57,3.87,1.73
열무나물,4.76,3.91,5.3
유채나물,7.82,5.8,4.6
참나물,4.14,2.51,3.69
콩나물무침,3.2,3.86,4.54
토란대나물무침,4.22,5.14,3.38
호박오가리나물무침,21.46,6.14,10.01
가죽나물무침,10.05,5.83,1.35
굴무침,7.3,6.68,2.31
김무침,19.33,21.17,10.73
낙지무침,3.96,12.41,1.24
다시마무침,6.8,2.57,1.18
달래무침,6.07,2.92,3.02
도라지생채,16.15,2.06,0.51
마늘쫑무침,12.77,2.73,4.93
무말랭이무침,22.5,4.2,1.55
무생채,7.33,2.43,1.11
미나리무침,5.41,1.31,2.13
미역초무침,5.24,1.18,1.02
민들레잎무침,12.32,2.69,2.33
부추무침,6.25,3.5,5.92
북어채무침,12.05,28.4,2.91
오이생채,8.96,1.78,2.9
오이지무침,4.21,0.96,3.51
오징어채무침,28.41,23.6,5.53
톳나물무침,12.28,1.87,2.09
파래무침,4.97,3.53,1.7
파무침,9.08,2.25,2.81
풋마늘무침,11.27,4.14,1.04
피조개무침,6.07,4.71,0.95
해초무침,8.52,0.95,0.16
회무침,8.6,8.09,1.65
돌나물무침,8.3,1.66,3.18
고들빼기김치,11.52,3,1.38
깍두기,4.24,1.56,1.06
깻잎김치,8.92,2.82,1.72
나박김치,1.15,0.46,0.38
동치미,2.28,0.29,0.37
보쌈김치,3.73,2.19,0.72
부추김치,6.36,2.68,1.16
얼갈이배추김치,10.94,1.59,1.45
오이김치,5.64,2.06,0.8
가자미식해,11.64,11.09,4.81
단무지,2.4,0.33,0.2
더덕장아찌,28.9,4.47,0.89
무짠지,1.98,0.54,0.12
무초절임(치킨무),3.05,0.52,0.3
오이장아찌,2.54,0.36,0.28
오이지,2.84,0.74,0.72
미숫가루,10.42,2.08,2.27
육회,8.12,9.93,6.43
계란 덮밥,25.14,4.31,2.82
국밥,7.33,3.45,1.03
귀리밥,34.54,3.9,0.87
새우튀김롤,32.09,4.82,6.06
쌀밥,37.33,3.36,0.32
연잎밥,47,4,0.3
오곡밥,32.93,4.78,0.52
잡탕밥,13.99,5.88,2.68
충무김밥,27.29,5.86,1.49
캘리포니아롤,29.74,4.11,3.02
회덮밥,20.66,6.04,3.31
개피떡(바람떡),44.3,5.32,0.81
기피편,48.99,5.45,0.25
무지개떡,53.01,3.53,0.31
빙떡(메밀전병),21.62,6.18,6.29
수수경단,43.1,8.2,1.4
수수부꾸미,42.1,5.73,6.29
수수팥떡,43.03,6.7,0.59
쑥떡,57.89,3.36,0.4
절편,43.58,3.82,0.8
찰시루떡,37.63,6.63,0.41
찹쌀떡,65.61,3.26,0.15
다쿠아즈,43.39,8.33,26.65
마카롱,45.23,6.92,30.11
버터크림빵,46.23,8.18,18.41
프레즐,55.14,8.37,6.45
매작과,66.11,7.51,13.15
산자,82.17,2.31,3.09
약과,84.89,4.2,4.75
유과,74.23,2.81,12.83
기스면,8.98,3.78,1.07
만두국,6.83,3.06,2.49
분짜,19.75,5.91,3.66
올갱이국수,7.44,0.75,0.55
울면,12.82,3.75,0.74
팟타이,18.54,3.98,6.2
게살죽,13.42,2.24,0.89
깨죽,9.91,1.71,1.99
미음,4.7,0.3,0
백합죽,12.1,2.36,0.8
소고기버섯죽,13.63,2.34,0.93
쌀죽(흰죽),11.45,0.99,0.15
어죽,12.6,2.55,0.94
율무죽,13.75,3.26,0.98
잣죽,22.18,2.74,2.8
참깨죽,5.9,1,1.2
현미죽,15.2,1.2,0.4
곰치국,2.39,5.43,1.18
낙지탕,1.73,4.9,0.53
매생이국,2.68,2,0.56
미소된장국,1.87,1.87,1.2
소탕,1.27,5.1,3.57
아구탕,2.13,6.3,0.82
어탕,1.21,8.47,2.06
연포탕,2.02,9.49,0.9
오이냉국,3.92,0.5,0.09
올갱이국,2.17,2.28,0.7
전복탕,2.63,4.47,0.5
초당순두부,1.76,5.46,3.24
황태해장국,0.95,4.08,1.13
무국물,0.55,0.16,0
고등어찌개,4.27,8.15,5.62
버섯찌개,3.85,3.68,1.3
해물탕,2.77,6.63,0.78
해신탕,2.03,7.93,1.88
호박찌개,4.07,1.87,0.87
대구찜,4.94,10.34,1.58
동태찜,5.16,10.18,1.94
돼지등갈비찜,12.76,16.02,10.93
북어찜,12,18.73,3.8
붕어찜,6.51,4.94,3.35
조기찜,1.64,20.06,10.59
해물찜,7.08,8.52,1.96
꿩불고기,7.94,6.7,1.7
돼지껍데기구이,3.37,23.74,26.64
연어구이,0.2,24.78,14.94
임연수구이,1.4,21.52,11.76
콘치즈구이,17.56,9.51,12.85
황태구이,13.45,23.9,7.7
고추전,11.34,8.61,11.48
굴전,14.5,10.6,10.5
녹두빈대떡,20.93,7.94,10.27
동태전,6.11,16.48,11.63
미나리전,22.82,3.49,5.08
배추전,23.68,3.44,5.78
새우전,11.57,9.99,11.33
소고기산적,3.67,24.2,12.78
소라산적,8.06,22.4,3.14
오징어산적,4.5,21.72,2.47
햄부침,11.3,11.3,17.1
홍합산적,13.22,22.23,6
화양적,14.23,9.05,9.85
느타리버섯볶음,7.69,3.61,4.66
닭모래집볶음,2.82,28.11,5.8
머위나물볶음,5.07,2.33,4.67
순대볶음,19.18,5.18,5.33
오징어채볶음,29.77,22.04,7.57
잔멸치볶음,27.43,34.97,8.97
주꾸미볶음,11.41,9.16,2.6
주꾸미삼겹살,10.66,10.11,8.66
가자미조림,7.17,12.37,2.37
고추조림,13.4,3.3,4.9
동태조림,6.96,16.32,1.88
북어조림,17.14,20.83,3.33
조기조림,4.27,13.7,6.27
고구마맛탕,47.3,1.65,5.5
고추튀김,14.6,7.6,12.6
김말이튀김,30.51,2.05,7.2
깐풍새우,20.56,8.15,13.86
닭모래집튀김,19.4,18.73,17.73
닭튀김,16.27,21.73,16.57
라조기,13.12,10.33,11.75
멘보샤,13.22,10.52,21.6
미꾸라지튀김,28.85,10.89,25.39
복어튀김,22.88,13.84,19.27
양파링튀김,43.58,3.86,25.23
쥐포튀김,42.5,9.62,16.49
치즈볼,28.66,9.56,20
치즈스틱,20.57,12.59,21.85
치킨가스,22.01,13.96,16.96
난자완스,9.57,10.81,10.17
깻잎나물볶음,5.75,3.75,7.2
머위나물무침,2.49,1.62,7.66
미나리나물,4.48,2.03,3.67
세발나물무침,7.05,3.01,4.25
우거지나물무침,5.8,3,5.67
취나물무침,6.61,2.75,12.31
노각무침,9.53,1.73,1.2
단무지무침,5.6,1,1.6
더덕무침,28.93,2.87,1.87
배추 겉절이,6.51,2.18,0.92
밴댕이무침,11.5,7.45,8.25
상추 겉절이,6.18,2.48,3.26
쑥갓나물무침,4.4,3,3.8
탕평채,12.26,3.55,3.81
갓김치,7.07,3.26,0.4
배추김치,6.49,1.98,0.43
백김치,3,0.95,0.07
열무김치,5.87,2.39,0.38
열무물김치,2.91,1.41,0.07
열무얼갈이김치,5.22,2.15,0.66
오이소박이,6.66,1.76,0.37
유채김치,10.1,3.5,0.8
유채물김치,3,1,0.1
총각김치,7.89,1.92,0.29
파김치,8.51,2.5,0.58
고추장아찌,31.49,2.39,0.63
들깻잎장아찌,26,4.03,0.42
마늘장아찌,25.36,2.43,0.16
마늘쫑장아찌,27.34,1.96,0.14
매실장아찌,58.11,1.65,0.43
무장아찌,16.76,1.47,0.76
레몬청차,14.8,0.13,0.01
식혜,16.21,1.53,1.75
팝콘,58.06,8.3,27.34
누룽지,19.17,1.5,0.06
돌솥 비빔밥,17.46,3.4,1.78
삼각김밥,30.58,4.8,4.4
율무밥,25.56,2.2,0.17
주먹밥,25.52,2.3,2.09
짜장밥,15.58,2.85,1.94
콩나물 국밥,10.69,2.66,0.73
흑미밥,25.73,2.3,0.37
강낭콩밥,24.21,2.2,0.15
검정콩밥,27.6,3.3,0.79
굴 국밥,12.79,1.6,0.32
굴밥,21.44,4.3,1.95
낙지 비빔밥,14.72,4.3,1.31
닭고기 덮밥,16.36,4.3,0.38
돼지머리국밥,12.55,2.1,1.16
모듬 김밥,17.49,4.2,2.75
모듬 초밥,28.65,10,3.14
무밥,36.68,3.7,1.06
버섯 덮밥,18.47,2.6,1.63
비빔 잡곡밥,25.66,3.6,2.12
소고기 국밥,12.54,2.3,0.56
양송이 덮밥,19.64,1.9,0.65
열무 비빔밥,16.86,2.5,0.51
옥수수밥,24.39,2.1,0.34
완두콩밥,24.47,2.2,0.33
유부 초밥,27.04,5.8,6.92
장어 덮밥,15.04,3.5,1.99
장어 초밥,15.04,3.5,1.99
팥밥,29.53,3.2,0.41
해물 덮밥,14.15,3.8,0.39
혼합잡곡밥,25.63,2.3,0.22
호떡,20.14,2.7,5.91
감자샐러드 샌드위치,13.39,3.1,4.73
소고기 샌드위치,19.7,6.9,10.61
토스트(식빵),15.55,2.5,1.33
트위스터 샌드위치,3.3,3.6,2.96
파운드케이크,26.67,3.5,11.79
햄샌드위치,18.69,5.3,10
메밀소바,17.96,2.49,0.32
비빔막국수,21.47,3.06,0.86
잔치국수,10.58,2.4,0.84
쟁반짜장,23.63,5.85,2.63
중식우동,15.29,4.73,0.84
고기만두,13.15,6.6,2.51
만두탕수,11,2.8,4.41
미트 스파게티,18.58,4.3,1.9
볶음 우동,6.42,2,2.58
오븐스파게티,16.77,5.6,3.49
장국국수,9.82,3.3,1.84
쟁반국수,18.84,4.1,2.36
짬뽕라면,12.32,3.4,2.92
해물 스파게티,12.82,4.8,1.13
회냉면,14.38,3.4,0.87
굴죽,16.76,2.4,2.99
대합죽,16.61,2.5,2.89
복죽,16.84,2.7,2.73
소고기 감자죽,13.65,3.1,2
오리감자죽,15.11,3.7,2.14
잡곡죽,14.21,3.5,1.17
홍합 미나리죽,16.37,2.3,0.3
홍합 소고기죽,18.4,6.2,3.2
닭고기육개장,2.5,4.96,1.07
닭백숙,4.49,4.23,2.11
감자 된장국,3.31,1.4,0.32
건새우 미역국,0.92,3.8,1.04
고디국(다슬기맑은국),1.58,1.4,0.71
근대 된장국,1.36,0.9,0.25
김국,2.34,0.9,0.25
김치 된장국,1.97,1.1,0.38
김치 콩나물국,1.41,0.9,0.28
꼬리곰탕,2.29,2.3,2.17
낙지탕(맑은탕),0.8,3,0.16
냉이 된장국,2.11,1.4,0.4
다슬기 된장국,2.6,2.1,0.68
닭고기 미역국,0.71,3.2,0.74
두부 달걀탕,1.58,4.7,2.11
두부 된장국,1.78,2.5,0.92
두부국,1.25,1.8,0.83
메밀묵국,12.03,1.6,1.27
몸국,1.54,2.9,0.65
무 된장국,2.03,1,0.35
무 북어국,1.05,4.1,0.7
미역 된장국,1.81,1.2,0.57
바지락 된장국,1.78,1.6,0.35
바지락 미역국,1.22,1.9,0.28
배추 된장국,1.52,0.8,0.23
뼈다귀해장국,0.96,2.7,0.63
새우젓국,2.21,2,0.72
선짓국,2.15,3.6,0.49
소고기 미역국,0.92,1.6,1.37
시금치 된장국,1.65,1,0.26
시래기 된장국,1.6,0.7,0.26
쑥 된장국,1.64,1,0.47
아욱 된장국,1.89,1,0.22
어묵국,4.16,2.2,0.78
어묵국물,1.05,0.5,0.13
얼갈이 된장국,1.49,0.8,0.26
올갱이해장국,3.54,4,1.35
조개 미역국,0.97,1.5,0.24
조개탕,0.7,1.8,0.15
참치 미역국,0.93,3.3,1.16
콩나물 황태국,0.99,4.6,0.87
해물 된장국,1.94,5.9,0.65
호박 된장국,2.17,1.2,0.4
홍합 미역국,0.32,0.7,0.16
홍합국(홍합탕),0.75,2.8,0.24
개고기전골,2.35,5.56,5.03
내장전골,2.89,5.41,2.88
불낙전골,4.58,7,2.67
소고기 샤브샤브,4.08,2.95,2.04
순대전골,6.28,5.61,3.18
아귀지리,0.89,3.97,0.13
가자미 매운탕,1.4,4.5,0.82
감자 소고기찌개,3.81,3.2,2.27
광어 매운탕,2.94,8.9,1.74
국수전골,14.56,3.4,1.83
김치순두부,1.54,4.7,1.8
꽃게 매운탕,1.3,5.7,0.27
대구 매운탕,2.09,5.1,0.35
대구지리,0.86,2.7,0.21
대구탕,5.03,4.7,0.89
도루묵찌개,4.04,6.8,2.31
도미 매운탕,3.37,5.9,1.13
두부 청국장찌개,4.34,3.5,0.95
망둥어찌개,3.4,5.9,0.85
메기 매운탕,7.39,4,1.46
명태 매운탕,3.15,7.1,1.03
모듬채소전골,2.1,1.8,0.6
민어 매운탕,2.98,4.5,0.79
버섯 샤브샤브,2.46,2,1.36
번데기탕,0.42,2.2,1.48
병어찌개,3.4,5.3,2.06
보신탕,2.12,3,2.68
복 매운탕,2.25,5.1,0.39
복지리,1.49,5.6,0.31
볼락 매운탕,2.87,3.5,0.52
붕어 매운탕,1.08,3.1,0.7
삼치찌개,3.35,6.2,1.28
섞어찌개(모듬찌개),3.73,1.7,2.09
송어 매운탕,4.03,6.6,1.35
숭어 매운탕,4.11,6.8,0.87
아귀 매운탕,2.15,3.7,0.34
어묵 매운탕,4.64,2.5,0.89
연두부찌개,2.59,4.8,1.48
우럭 매운탕,2.83,3.5,0.6
잉어 매운탕,4.08,5.7,1.5
잡탕전골,4.99,4.9,1.73
장어매운탕,4.08,5.7,2.11
조기찌개,1.93,2.4,0.64
참치찌개,3.05,5.4,0.97
콩나물찌개,1.09,1.6,0.37
해물 매운탕,1.89,5.7,0.52
해물전골,1.95,3.2,0.64
홍어찌개,3.15,7.7,0.97
가오리콩나물찜,3.5,2.68,0.84
꽃게콩나물찜,5.1,5.86,1.34
낙지찜,3.81,5.47,4.31
단호박찜,10.04,0.93,0.16
달걀찜,1.66,11.1,7.01
대구볼찜,5.37,4.23,1.23
복찜,4.11,3.55,0.92
소갈비찜,6.45,5.38,7.08
해물콩나물찜,3.83,7.04,1.11
홍어찜,1.49,7.2,0.54
황태콩나물찜,6.92,10.17,1.99
가자미찜,2.79,11.8,1.95
가지찜,10.23,5.6,6.29
개고기 수육,3.1,15.8,17.15
고등어찜,3.21,8.6,4.88
굴찜,15.7,11.3,4.04
꽃게찜,5.1,5.9,1.33
도미찜,3.22,7.9,0.91
돼지사태찜,7.02,7.6,2.65
두부 달걀찜,2.56,6.3,4.19
메기찜,5.37,7.3,2.33
명란찜,3.1,7.1,2.24
미더덕찜,8.05,7.7,1.82
바지락찜,9.15,8,1.71
세발낙지찜,3.8,5.5,4.31
연두부찜,3.71,5.1,3.3
오징어찜,2.61,8.5,1.32
갈치구이,0.88,12.65,9.81
감자구이,18.18,2.4,4.65
굴비구이,0.98,11.83,7.4
닭날개구이,2.34,21.6,12.64
닭다리구이,0.62,20.2,14.82
돼지갈비구이,6.57,8,7.78
소내장구이,0.75,6.75,6.53
오리고기로스,0.5,11.76,13.5
옥돔구이,0.11,4.91,1.92
옥수수구이,15.41,1.43,9.01
전어구이,0.06,5.86,0.82
참치구이,0.05,33.5,19.02
감자그라탕,17.37,3.9,6.26
넙치구이,0.03,13.6,6.33
느타리버섯 구이,5.75,2.1,4.44
닭꼬치구이,5.55,32.1,2.58
도다리구이,0.71,23.7,5.5
동태양념구이,1.59,21.7,3.56
돼지고기 꼬치구이,2.75,26.9,5.86
돼지고기 스테이크,5.55,13.5,3.61
민어구이,0.38,12.6,5.53
베이컨떡말이구이,29.95,6.3,10.61
병어구이,0.45,21.4,16.23
북어양념구이,6.62,20.3,2.93
새송이버섯 구이,6.05,2.3,4.54
서대구이,0.71,25.1,5.77
소갈비 구이,9.01,14.4,21.6
소곱창 구이,3.71,8.8,11.89
소등심 스테이크,0.86,12.6,22.71
소등심구이,0,15.9,26.71
소안심스테이크,2.64,16.6,12.51
쑥전(부침개),13.44,4.8,6.29
양태구이,0.1,14,5.11
우럭구이,0.45,13.5,5.67
우엉 양념구이,12.06,1.7,1.41
은대구구이,0.03,9.2,10.5
장어 양념구이,16.91,16.5,21.42
적어구이,0.31,20.9,9.04
전갱이구이,0.17,27.7,11.75
조기 양념구이,10.96,22.1,9.3
조기 오븐구이,0.02,5.9,1.58
조미 김구이,2.04,1.9,4.81
채소 꼬치구이,14.29,2.8,2.3
청어구이,0.22,8.2,10.03
키조개구이,1.86,8.7,3.41
햄구이,1.95,20.2,6.51
새송이버섯전,5.89,3.16,3.73
어육소시지전,12.73,8.23,10.14
완자전,10.73,7.1,15.49
장떡,27.28,3.67,7.64
파래전,31.77,4.74,5.03
녹두전,8.41,5,4.27
모듬채소전,21.32,3.4,5.65
소고기 완자전,10.08,14.1,23.28
양파 소고기전,8.88,5,10.63
어묵전,35.46,15.3,13.86
옥수수부침,22.95,3,7.95
해물 완자전,10.64,15.4,10.71
고추잡채,4.21,4.18,3.91
멸치볶음(멸치만),5.15,14.9,3.41
문어볶음,5.55,5.9,2.63
죽순볶음,6.19,4.3,10.85
중식잡채,13.58,2.3,2.24
쫄볶이,29.37,4.7,1.41
파래볶음,8.21,3.28,2.88
표고버섯볶음,3.96,1.7,2.11
햄채소볶음,3.82,6.3,3.03
김치 돼지고기볶음,4.26,8.1,6.61
꽈리고추볶음,12.59,2.4,9.86
낙지 삼겹살 볶음,3.73,9.1,10.55
모듬버섯볶음,6.82,3,4.56
버섯 잡채,6.28,4.8,12.22
베이컨채소볶음,10.06,6.3,8.81
브로콜리 버섯볶음,2.99,1.3,1.15
소간 채소볶음,7.74,10.5,5.29
소고기채소볶음,3.35,5.1,10.08
소곱창 볶음,4.99,9,13.58
소시지 케첩볶음,12.93,11.5,17.08
어묵 감자볶음,23.66,8.2,9.07
어묵잡채,9.87,6.5,6.53
우엉볶음,16.33,4.1,9.08
제육볶음,5.73,12.2,8.39
콩나물잡채,3.76,4.8,7.86
피망볶음,11.12,1.7,9.8
호박고지볶음,20.28,2.4,2.17
달걀조림,6.53,9.01,4.79
건갈치조림,3.68,11.2,3.68
게조림,0.31,4.2,0.18
고구마조림,38.53,2.5,0.61
곤약조림,5.19,0.8,1.46
다시마조림,6.96,3.1,3.35
단호박조림,15.15,2.2,0.94
도루묵조림,5.73,11.3,3.09
돼지고기 장조림,7.25,16.3,5.6
메추리알 돼지고기장조림,4.62,12.5,6.35
메추리알 어묵조림,15.39,9.3,6.19
모듬 콩조림,15.38,11.1,9.11
새우조림,3.62,8.8,2.26
완자조림,12.47,14.2,6.25
적어조림,3.33,7,0.95
전어조림,1.9,9,1.22
콩조림,22.36,13.5,6.44
북어강정,42.51,20.9,24.43
가지탕수,21.21,2.2,6.5
갈치튀김,1.85,4.6,5.47
게맛살튀김,26.31,6.1,8.61
고구마깻잎튀김,29.95,2.6,4
고등어튀김,2.29,6.2,9.68
김부각,55.06,14.9,18.8
깻잎튀김,20.56,7,13.75
꽁치튀김,2.41,5.3,7.84
느타리버섯튀김,19.17,6.4,13.64
달걀튀김,14.74,10.2,16.26
닭고기 탕수,8.8,7.4,3.15
대구튀김,13.28,27,12.5
도라지튀김,16.74,5.2,7.87
도미튀김,18.9,25.9,12.22
동태튀김,8.19,10.7,7.22
돼지갈비강정,20.7,25.8,19.89
돼지고기강정,8.36,14.7,8.47
돼지고기튀김,6.24,20.9,11.67
두부 탕수,14.02,4.2,4.35
두부튀김,10.08,6.7,6.5
등심돈가스,13.9,14.3,7.7
비프까스,12.25,8.1,13.68
새우 탕수,19.95,18.2,9.94
소고기튀김,10.11,10.4,18.92
소시지튀김,19.73,13.8,18.67
식빵튀김,43.69,7.1,11.63
쑥튀김,19.95,6.6,13.71
양념 돼지고기튀김,13.89,12.9,8.58
어묵튀김,15.34,8.5,9.03
연근튀김,16.27,3.1,8.36
오징어탕수,13.13,8.3,7.51
우럭튀김,19.21,24.7,12.12
임연수튀김,17.54,26.5,20
잔멸치 튀김,2.9,4,4.12
조기튀김,3.62,13.4,7.77
채소튀김,11.65,1.3,5.28
탕수어,38.96,12.6,7.71
시래기나물,10.61,2.1,1.78
청경채나물,1.59,1.06,0.58
고사리나물,3.57,2.7,1.65
고춧잎나물,3.33,2.1,1.44
근대나물,6.4,2.5,2.85
냉이초나물,12.32,4.2,2.47
도라지나물,5.35,0.8,1.47
머위나물,2.42,1.5,1.34
무나물,3.86,0.7,1.14
무청나물,6.04,2.8,5.44
민들레무침,4.56,1.2,0.72
부추나물,1.99,1.2,0.88
비름나물,3.82,1.9,0.99
쑥갓나물,1.85,1.3,0.95
씀바귀나물,6.54,1.5,1.11
애호박나물,5.51,1.3,1.44
양배추 초나물,9.44,2,2.75
얼갈이 나물,4,1.9,3.05
오이나물,2.96,1.3,6.42
토란대나물,3.88,0.9,1.68
간재미회무침,6.47,4.73,0.47
개고기무침,3.76,7.63,8.82
과일샐러드,6.74,0.38,5.49
도토리묵무침,12.04,0.6,0.59
돌나물,5.23,0.64,0.39
두릅무침,11.6,3.4,2.58
마늘장아찌무침,21.85,1.88,0.7
모자반무침,4.36,1.29,0.4
얼갈이 겉절이,3.61,1.12,0.51
참나물 겉절이,2.43,0.8,0.72
청포묵 무침,6.54,1.3,1.68
톳나물초무침,4.78,1.11,0.37
풋고추된장무침,7.94,1.9,0.92
가오리회무침,6.47,4.7,0.47
감자샐러드,15.59,2.7,9.97
겨자채,4.02,5.4,8.88
단호박 샐러드,10.27,1.2,9.28
달걀 샐러드,5.49,6,13.17
닭고기냉채,5.72,10.8,0.92
닭튀김 샐러드,3.98,3.8,5.3
두부냉채,4.57,7.9,5
마늘쫑장아찌무침,17.75,1.3,0.58
마카로니 샐러드,8.13,4.1,5.56
메밀묵 무침,12.05,1.6,1.27
멕시컨샐러드,7.11,3.7,5.94
미역 오이무침,12.32,1.8,1.75
뱅어포무침,10.32,43.7,16.11
부추 겉절이,3.38,1.3,1.11
부추 채소무침,4.01,1.1,0.67
부추 초무침,3.66,1.1,0.78
브로콜리 두부무침,6.17,2,0.72
브로콜리무침,7.01,1.6,0.25
삼색냉채,7.21,5.6,1.9
새싹 샐러드,5.01,1.4,10.6
새우무침,15.47,37,11.77
소라무침,7.46,18.7,1.58
시금치 겉절이,6.28,3,2.51
쑥갓오이무침,5.57,1.9,1.06
양념 도토리묵,9.91,1.1,1.27
양배추 겉절이,6.5,1.7,1.24
양배추 샐러드,4.32,0.9,8.95
양배추부추무침,6.71,1.9,0.51
양상추 샐러드,4.84,1.1,6.29
어묵 오이무침,18.13,7.7,3.07
오이 도라지 생채,8.78,1.3,0.52
오이고추 된장무침,5.18,1.4,0.91
오이부추무침,5.68,0.9,0.35
옥수수샐러드,12.49,1.3,8.31
유채무침,12.47,3.4,0.67
쥐포무침,32.77,26.1,7.41
짜사이무침,3.66,0.4,3.04
참치 샐러드,2.96,10.8,16.18
천사채무침,2.95,3.3,5.51
치커리무침,2.35,0.8,0.48
콩나물 느타리무침,4.31,3.1,2.8
콩나물냉채,4.05,2.1,0.79
해파리냉채,5.64,1.5,0.46
햄샐러드,16.65,4.4,7.38
홍어회무침,8.81,7.5,2.13
가지김치,6.22,2.1,0.77
섞박지,7.43,2.3,0.84
양념채김치,7.5,3.3,1.55
오이 물김치,8.73,2.9,1.3
양념 바지락젓,2.07,5.8,1.97
양념 새우젓,6.78,7.3,1.5
양념 오징어젓,4.81,7.9,1.08
무말랭이장아찌,18.34,4.1,3.23
무숙장아찌,4.78,3.7,6.44
짜장소스,12.86,4.3,3.71
카레소스,9.75,2.7,2.33
고춧가루 양념장,14.39,5.9,7.19
기름장,0.92,0.2,69.06
쌈장,20.13,6.5,4.55
초간장,11.33,6.6,0
팥빙수,20.82,2.4,0.81
두유 카페라떼,2.12,1.4,1.76
딸기넥타,7.96,0.4,0.09
딸기바나나 스무디,11.75,1.1,0.68
미숫가루(선식)음료,27.73,2.9,1.1
수박화채,7.79,1.2,0.87
아이스 카페라떼,3.05,1.4,1.5
아이스 카페모카,9.65,1.6,1.53
율무차,11.85,0.9,1.72
카페라떼,3.57,1.7,1.83
카페모카,9.64,1.9,1.9
감자범벅,21.91,2.3,0.05
파강회,6.33,1.2,1.71
모듬회,5.15,22.5,2.31
고구마밥,30.44,2.3,0.35
밤밥,32.65,3.4,0.23
소고기 덮밥,18.92,3.3,3.07
순 현미밥,27.59,2.6,0.72
채소밥,23.06,2.6,0.91
김치 고기만두,42.38,16.2,5.26
감자스프,8.13,2.9,4.45
들깨죽,21.49,3.8,5.9
애호박죽,15,1.4,0.96
찹쌀죽,13.39,1.1,0.27
흰죽,13.49,1.2,0.28
들깨국,1.42,0.58,0.76
배추국,0.89,1.3,0.1
소고기육개장,1.38,2.07,1.46
굴 미역국,1.9,1.9,0.47
달래 된장국,2.55,3,1.85
대합 미역국,0.57,0.8,0.24
바지락국,0.74,2.2,0.52
소고기 무국,0.53,1.6,1.49
양배추 된장국,3.93,2.9,0.89
열무 된장국,2.09,2.1,0.51
청포묵국,2.16,2.9,2.62
콩나물 된장국,3,2.6,0.7
호박잎 된장국,2.53,1.3,0.37
홍합 무국,1.36,2.7,0.24
굴 두부찌개,1.48,2.2,0.66
두부 명란찌개,2.72,3.5,1.07
두부 애호박찌개,3.6,2,0.62
명란찌개,2.74,3.1,0.58
소고기 떡찜,32.19,10.6,14.48
소사태찜,10.44,12.6,4.65
제육(돼지고기 수육),2.4,11.9,8.5
삼치 양념구이,15.38,22.8,4.14
삼치 카레구이,3.71,27.1,9.05
햄전,8.23,10.2,13.66
애호박부침개,19.42,4.6,6.56
연근전,10.21,1.9,3.52
참치 완자전,14.84,18.8,8.84
해물 채소전,18.92,10.7,7.77
고추장볶음,43.37,8.96,4.85
돼지고기 피망잡채,5.09,9.5,3.95
부추잡채,3.89,4.9,4.36
세발낙지볶음,8.35,11.6,0.9
양념두부,2.99,6.2,3.39
폭찹,5.73,12.2,5.35
꽈리고추 오징어조림,6.39,14.3,5.67
닭다리조림,9.13,14,8.87
마늘쫑조림,31.38,4.9,10.6
삶은 땅콩 조림,21.15,6.8,9.74
임연수조림,6.95,15.9,5.54
뱅어포튀김,34.04,41.2,45.09
연어튀김,9.66,13.1,5.71
장어튀김,6.64,10.2,14.75
참치강정,21.18,18.7,7.26
숙주미나리나물,1.79,1.07,0.9
양배추나물,8.69,2.2,3.76
갑오징어무침,5.89,5.31,0.74
느타리버섯무침,6.75,2.16,1.52
오징어무침,8.03,9.7,1.49
치커리 겉절이,6.04,2.9,3
닭고기 샐러드,2.82,6.7,5.55
미나리 초무침,7.89,2.1,1.76
브로콜리 채소무침,7.21,1.7,0.35
쑥갓무침,4.01,2.5,1.96
양배추 사과 샐러드,10.14,0.8,10.74
양배추오이  샐러드,8.2,1.8,17.09
열무 겉절이,4.78,1.6,0.26
오징어미역초무침,5.24,15,1.72
양념초장,21.8,10.4,1.03
핫케이크,30.48,4.7,5.18
유부국,1.13,1.08,1.02
김치 청국장찌개,3.2,2.6,0.9
동태 매운탕,1.98,3.3,0.5
돼지갈비전골,5.07,16.6,15.14
버섯 매운탕,6.93,2.4,1.36
돼지고기찜,8.89,10.82,3.25
북어구이,10.53,46.5,5.91
달걀후라이,3.05,11,12.76
돼지등심 장조림,4.75,16,2.38
무 어묵조림,14.92,6.3,3.06
소시지조림,12.66,11.4,11.1
오징어포조림,13.03,15.5,1.77
삼치튀김,3.69,13.7,6.82
배추숙주나물,3.58,1.5,0.62
호박나물,3.16,0.7,2.71
오이모듬무침,6.89,1.4,0.58
양배추김치,8.29,2.2,0.39
양파장아찌,16.05,0.6,0.03
나폴리탄 스파게티,22.5,3.6,1.38
미역냉국,2.58,0.9,1.65
가지냉국,3.42,1.1,0.39
감자 호박된장국,3.51,2.1,0.43
멸치 미역국,0.71,1.1,0.38
버섯국,2.71,3.3,2.43
삼색 오이냉국,3.52,0.6,0.21
소고기 두부국,0.62,2.8,2.18
애호박 된장국,3.18,2,0.48
오이 미역냉국,2.91,0.7,0.21
망둥어찜,2.96,8.5,0.7
오리 간장불고기,6.16,12.6,2.41
유부조림,7.95,13.7,18.34
감자연근튀김,22.74,3.8,4.31
무생채(무만),5.77,1.03,0.56
고추장아찌 무침,13.91,1.5,0.9
무 파래무침,4.86,1.1,0.38
북어채 고추장 무침,14.1,36.6,10.34
깻잎장아찌,12.9,3.7,0.72
갈매기살구이,0.28,26.98,22.6
갈비구이,1.59,25.91,14.55
갈치젓,10.28,15.53,5.08
갈치조림,4.44,6.31,2.4
감자,15.01,2.16,0.16
감자빵,0,3.13,0
건꼴뚜기조림,10.14,29.4,13.55
건포도빵,0,7.53,0
건표고버섯볶음,7.51,2.03,1.99
겉절이,6.58,2.28,2.14
게장,4.47,12.25,2.31
견과,37.5,17.5,37.5
경단,38.58,6.28,6.72
고구마,32.47,1.67,0.24
고추장찌개,4.17,5.26,2.13
곤약무침,3.62,0.7,7.7
곱창구이,4.71,14.89,11.73
곱창볶음,18.52,7.23,3
과ㆍ채주스,0,0.59,0
과일,0,0.47,0
굴국,2.93,2.41,0.36
귤차,0,0,0
기타빵,0,7,0
기타음료,0,0.07,0
기타차,0,0,0
김구이,29,20.4,30.2
김치 볶음밥,21.5,3.8,2.79
깨찰빵,0,4,0
껍질콩볶음,9.35,3.3,5.08
꼬치구이,10.35,17.85,14.7
꼬치구치,3.53,16.43,1.59
꽃게장,6.04,7.02,1.1
꽈리고추조림,4.7,7.1,1.21
꿀차,0,0,0
나베,15.71,5.41,9.52
냉국,7.51,0.19,0.67
냉채,5,13.08,1.95
넙치(광어)회덮밥,12.64,4.27,1.06
녹차,0,0,0
다식,73.97,8.3,4.48
달걀,0.63,12.8,10.65
달걀탕,0.94,1.78,2.04
닭가슴살 샐러드,2.82,4,2.96
닭껍데기튀김,0,20.42,0
닭다리튀김,17.88,18.86,19.6
닭발튀김,0,17.63,0
대창구이,4.05,9.11,60.25
대추차,0,0,0
덮밥,24.12,5.88,3.34
동태까스,19.42,11.6,15.64
돼지고기,1.56,29.36,4.44
돼지불고기,8.08,10.25,9.08
된장국,3.7,1.09,0.6
두부볶음,13.12,12.4,10.52
떡산적,18.37,8.7,5.35
또띠아,0,8.89,0
라떼,0,2.82,0
라멘,7.38,3.82,5.09
레몬차,0,0.14,0
레몬홍차,0,0.01,0
롤빵,0,6.32,0
리소토/리조또,0,5.81,0
마테차,0,0,0
막창구이,0.4,15.34,32.73
만두,17.4,12.38,4.45
메밀국수,12.06,3.14,0.29
멸치젓,7.4,11.4,1.6
명란젓,3.98,17.96,6.54
모듬배추나물,4.32,1.7,1.26
모싯잎송편,40.29,5.65,0.66
묵국,3.57,1,0.4
묵말이,6.9,0.52,0.65
묵무침,10.92,0.93,2.95
물김치,0.75,0.31,0.08
밀면,14.19,2.46,0.5
밀크쉐이크,17.01,2.43,3.88
밀크티,8.21,1.27,1.69
밀크티/버블티,0,1.06,0
바게트,0,7.78,0
바지락 수제비,5.08,1.3,0.45
방풍나물,7.19,1.5,0.79
뱅쇼,0,0.26,0
버거,18.18,10.98,11.36
버섯무침,3.44,2.74,3.77
버섯볶음,6.78,2.8,6.2
버터빵,0,8.2,0
번,0,9,0
복숭아홍차,0,0,0
볶음면,13.81,6.55,12.1
북어튀김,0,58.62,0
불고기전골,10.38,5.96,4.34
비빔면,20.17,5.7,5.48
비스킷/쿠키/크래커,0,5.26,0
빙수,0,2.68,0
사과차,0,0,0
사태찜,3.67,12.1,5.17
산적,1.55,29.06,8.56
삼겹살구이,12.63,14.21,32.83
삼겹살볶음,8.4,5.76,10.49
새송이버섯볶음,3.46,1.52,1.61
새우젓,6,7.1,1.8
샐러드,0,1,0
생강차,0,0.03,0
생선전,4.61,17.17,7.38
샤베트,11.09,0.11,0
샤브샤브,1.57,3.88,0.9
선지해장국,2.07,4.4,0.98
소고기국,2.92,1.8,1.67
소금빵,46.67,8.33,11.67
소세지빵,0,12.8,0
소스/드레싱,0,2.5,0
송편,42.83,4.65,3.23
수란,0.2,12.3,11.7
스무디,0,1.51,0
스콘,0,5.56,0
스테이크,0.14,30.22,8.07
스프,8.06,2.41,7.04
쌍화차,0,0.08,0
아이스크림,26.96,4.35,5.22
아이스티,0,0.11,0
앙금빵,0,5.26,0
애호박 감자된장국,3.35,1.9,0.3
야채빵,0,12,0
양송이버섯볶음,5.17,4.5,7.58
에이드,0,0,0
오겹살구이,2.72,20.18,35.14
오미자차,0,0.03,0
오징어젓,3.4,10.1,0.7
옥수수,34.2,6.68,2.42
요구르트(액상),8.03,1.3,2.66
요구르트(호상),0,3.43,0
우럭회덮밥,11.47,3.49,0.77
우롱차,0,0.15,0
우유,0,3.66,0
우유튀김,0,3,0
웨이퍼,55,7,31
유부 된장국,2.7,4.4,4.1
유자차,5.07,0,0
자몽차,14.3,0.13,0.07
자몽홍차,0,0,0
장어구이,6.18,19.82,17.21
장조림,8.67,9.85,7.12
젤리,0,0,0
조개구이,10.44,17.43,2.07
조개젓,12.61,8.61,2.05
지리탕,1.65,6.93,1.03
찰떡빵,0,7.14,0
참나물 무침,1.85,0.7,0.71
참치회덮밥,12.14,4.73,0.81
초밥,19.59,11.2,9.36
초콜릿,0,10,0
취나물,4.12,3.08,1.66
치아바타,0,13.78,0
치즈,0,8.96,0
치즈 스파게티,15.18,4.5,2.09
치즈빵,0,5.45,0
캔디,0,0,0
커피,0,0.06,0
케이크,44.01,7.36,11.83
코코아,0,2.82,0
콤부차,0,0,0
콩나물 선짓국,1.79,3.1,0.34
콩나물찜,4.97,6.67,1.01
콩밥,34.3,4.53,1.12
크로켓(고로케),0,6.82,0
크로플,38.18,7.27,10.91
크림빵,0,5.97,0
타르트,0,6.47,0
탄산음료,0,0,0
탄탄면,21,5.73,7.4
톳나물,2.55,2.67,1.6
파이/만주,34.83,2.54,3.91
팥빵,0,10.53,0
해장국,1.06,3.19,0.97
햄볶음,9.6,10.47,11.37
허니브레드,53.13,10.42,12.5
허브차,0,0.04,0
호밀빵,0,5.91,0
호박볶음,3.53,0.84,1.32
홍차,0,0.07,0
효모빵,54.93,7.04,3.17
돼지 목살,0,22,17
사과,14,0.3,0.2
바나나,23,1.1,0.3
포도,17,0.6,0.2
키위,15,1.1,0.5
수박,8,0.6,0.2
딸기,8,0.8,0.3
블루베리,14,0.7,0.3
레드베리,15,0.6,0.2
참외,6,0.8,0.1
망고,15,0.8,0.4
멜론,9,0.8,0.2
복숭아,10,0.9,0.2
샤인머스캣,18,0.7,0.2
청포도,17,0.7,0.2
아보카도,9,2,15
블랙베리,10,1.4,0.5
건포도,79,3.1,0.2
배,13,0.4,0.2
귤,12,0.9,0.2
오렌지,12,1,0.2
레몬,9,0.9,0.3
한라봉,13,0.8,0.2
파인애플,13,0.5,0.1
토마토,4,1,0.2
방울토마토,3.9,0.9,0.2
아사이베리,6,1,0.4
산딸기,12,1.2,0.3
살구,11,1.4,0.1
아메리카노,0.1,0.1,0
